province,city,suburb,href,sale_href
Eastern Cape,Aberdeen,,/to-rent/aberdeen/eastern-cape/299,/for-sale/aberdeen/eastern-cape/299
Eastern Cape,Adelaide,,/to-rent/adelaide/eastern-cape/258,/for-sale/adelaide/eastern-cape/258
Eastern Cape,Alexandria,,/to-rent/alexandria/eastern-cape/449,/for-sale/alexandria/eastern-cape/449
Eastern Cape,Alice,,/to-rent/alice/eastern-cape/253,/for-sale/alice/eastern-cape/253
Eastern Cape,Alicedale,,/to-rent/alicedale/eastern-cape/462,/for-sale/alicedale/eastern-cape/462
Eastern Cape,Aliwal North,,/to-rent/aliwal-north/eastern-cape/244,/for-sale/aliwal-north/eastern-cape/244
Eastern Cape,Barkly East,,/to-rent/barkly-east/eastern-cape/245,/for-sale/barkly-east/eastern-cape/245
Eastern Cape,Bathurst,,/to-rent/bathurst/eastern-cape/445,/for-sale/bathurst/eastern-cape/445
Eastern Cape,Bedford,,/to-rent/bedford/eastern-cape/259,/for-sale/bedford/eastern-cape/259
Eastern Cape,Bhisho,,/to-rent/bhisho/eastern-cape/247,/for-sale/bhisho/eastern-cape/247
Eastern Cape,Bizana,,/to-rent/bizana/eastern-cape/2481,/for-sale/bizana/eastern-cape/2481
Eastern Cape,Boesmansriviermond,,/to-rent/boesmansriviermond/eastern-cape/452,/for-sale/boesmansriviermond/eastern-cape/452
Eastern Cape,Boknesstrand,,/to-rent/boknesstrand/eastern-cape/451,/for-sale/boknesstrand/eastern-cape/451
Eastern Cape,Burgersdorp,,/to-rent/burgersdorp/eastern-cape/243,/for-sale/burgersdorp/eastern-cape/243
Eastern Cape,Butterworth,,/to-rent/butterworth/eastern-cape/376,/for-sale/butterworth/eastern-cape/376
Eastern Cape,Cala,,/to-rent/cala/eastern-cape/235,/for-sale/cala/eastern-cape/235
Eastern Cape,Cannon Rocks,,/to-rent/cannon-rocks/eastern-cape/450,/for-sale/cannon-rocks/eastern-cape/450
Eastern Cape,Cape St Francis,,/to-rent/cape-st-francis/eastern-cape/679,/for-sale/cape-st-francis/eastern-cape/679
Eastern Cape,Cathcart,,/to-rent/cathcart/eastern-cape/218,/for-sale/cathcart/eastern-cape/218
Eastern Cape,Cedarville,,/to-rent/cedarville/eastern-cape/850,/for-sale/cedarville/eastern-cape/850
Eastern Cape,Cintsa,,/to-rent/cintsa/eastern-cape/821,/for-sale/cintsa/eastern-cape/821
Eastern Cape,Cofimvaba,,/to-rent/cofimvaba/eastern-cape/2486,/for-sale/cofimvaba/eastern-cape/2486
Eastern Cape,Colchester,,/to-rent/colchester/eastern-cape/448,/for-sale/colchester/eastern-cape/448
Eastern Cape,Cookhouse,,/to-rent/cookhouse/eastern-cape/261,/for-sale/cookhouse/eastern-cape/261
Eastern Cape,Cradock,,/to-rent/cradock/eastern-cape/264,/for-sale/cradock/eastern-cape/264
Eastern Cape,Despatch,,/to-rent/despatch/eastern-cape/292,/for-sale/despatch/eastern-cape/292
Eastern Cape,Dordrecht,,/to-rent/dordrecht/eastern-cape/232,/for-sale/dordrecht/eastern-cape/232
Eastern Cape,East London,,/to-rent/east-london/eastern-cape/216,/for-sale/east-london/eastern-cape/216
Eastern Cape,Elliot,,/to-rent/elliot/eastern-cape/236,/for-sale/elliot/eastern-cape/236
Eastern Cape,Elliotdale,,/to-rent/elliotdale/eastern-cape/2491,/for-sale/elliotdale/eastern-cape/2491
Eastern Cape,Engcobo,,/to-rent/engcobo/eastern-cape/381,/for-sale/engcobo/eastern-cape/381
Eastern Cape,Flagstaff,,/to-rent/flagstaff/eastern-cape/2483,/for-sale/flagstaff/eastern-cape/2483
Eastern Cape,Fort Beaufort,,/to-rent/fort-beaufort/eastern-cape/254,/for-sale/fort-beaufort/eastern-cape/254
Eastern Cape,Gamtoos Mouth,,/to-rent/gamtoos-mouth/eastern-cape/2384,/for-sale/gamtoos-mouth/eastern-cape/2384
Eastern Cape,Gqeberha,,/to-rent/gqeberha/eastern-cape/270,/for-sale/gqeberha/eastern-cape/270
Eastern Cape,Graaff-Reinet,,/to-rent/graaff-reinet/eastern-cape/300,/for-sale/graaff-reinet/eastern-cape/300
Eastern Cape,Grahamstown,,/to-rent/grahamstown/eastern-cape/260,/for-sale/grahamstown/eastern-cape/260
Eastern Cape,Haga Haga,,/to-rent/haga-haga/eastern-cape/2508,/for-sale/haga-haga/eastern-cape/2508
Eastern Cape,Hamburg,,/to-rent/hamburg/eastern-cape/250,/for-sale/hamburg/eastern-cape/250
Eastern Cape,Hankey,,/to-rent/hankey/eastern-cape/309,/for-sale/hankey/eastern-cape/309
Eastern Cape,Hewu,,/to-rent/hewu/eastern-cape/2511,/for-sale/hewu/eastern-cape/2511
Eastern Cape,Hofmeyr,,/to-rent/hofmeyr/eastern-cape/267,/for-sale/hofmeyr/eastern-cape/267
Eastern Cape,Hogsback,,/to-rent/hogsback/eastern-cape/255,/for-sale/hogsback/eastern-cape/255
Eastern Cape,Humansdorp,,/to-rent/humansdorp/eastern-cape/303,/for-sale/humansdorp/eastern-cape/303
Eastern Cape,Idutywa,,/to-rent/idutywa/eastern-cape/378,/for-sale/idutywa/eastern-cape/378
Eastern Cape,Indwe,,/to-rent/indwe/eastern-cape/2489,/for-sale/indwe/eastern-cape/2489
Eastern Cape,Jamestown,,/to-rent/jamestown/eastern-cape/242,/for-sale/jamestown/eastern-cape/242
Eastern Cape,Jansenville,,/to-rent/jansenville/eastern-cape/298,/for-sale/jansenville/eastern-cape/298
Eastern Cape,Jeffreys Bay,,/to-rent/jeffreys-bay/eastern-cape/304,/for-sale/jeffreys-bay/eastern-cape/304
Eastern Cape,Joubertina,,/to-rent/joubertina/eastern-cape/312,/for-sale/joubertina/eastern-cape/312
Eastern Cape,Kareedouw,,/to-rent/kareedouw/eastern-cape/311,/for-sale/kareedouw/eastern-cape/311
Eastern Cape,Kaysers Beach,,/to-rent/kaysers-beach/eastern-cape/2178,/for-sale/kaysers-beach/eastern-cape/2178
Eastern Cape,Kei Mouth,,/to-rent/kei-mouth/eastern-cape/2506,/for-sale/kei-mouth/eastern-cape/2506
Eastern Cape,Keiskammahoek,,/to-rent/keiskammahoek/eastern-cape/251,/for-sale/keiskammahoek/eastern-cape/251
Eastern Cape,Kenton On Sea,,/to-rent/kenton-on-sea/eastern-cape/453,/for-sale/kenton-on-sea/eastern-cape/453
Eastern Cape,King Williams Town,,/to-rent/king-williams-town/eastern-cape/246,/for-sale/king-williams-town/eastern-cape/246
Eastern Cape,Kirkwood,,/to-rent/kirkwood/eastern-cape/443,/for-sale/kirkwood/eastern-cape/443
Eastern Cape,Kleinemonde,,/to-rent/kleinemonde/eastern-cape/837,/for-sale/kleinemonde/eastern-cape/837
Eastern Cape,Klipplaat,,/to-rent/klipplaat/eastern-cape/297,/for-sale/klipplaat/eastern-cape/297
Eastern Cape,Komga,,/to-rent/komga/eastern-cape/375,/for-sale/komga/eastern-cape/375
Eastern Cape,Lady Frere,,/to-rent/lady-frere/eastern-cape/2487,/for-sale/lady-frere/eastern-cape/2487
Eastern Cape,Lady Grey,,/to-rent/lady-grey/eastern-cape/717,/for-sale/lady-grey/eastern-cape/717
Eastern Cape,Libode,,/to-rent/libode/eastern-cape/2484,/for-sale/libode/eastern-cape/2484
Eastern Cape,Lusikisiki,,/to-rent/lusikisiki/eastern-cape/371,/for-sale/lusikisiki/eastern-cape/371
Eastern Cape,Macleantown,,/to-rent/macleantown/eastern-cape/217,/for-sale/macleantown/eastern-cape/217
Eastern Cape,Maclear,,/to-rent/maclear/eastern-cape/239,/for-sale/maclear/eastern-cape/239
Eastern Cape,Maluti,,/to-rent/maluti/eastern-cape/2514,/for-sale/maluti/eastern-cape/2514
Eastern Cape,Matatiele,,/to-rent/matatiele/eastern-cape/851,/for-sale/matatiele/eastern-cape/851
Eastern Cape,Mazeppa Bay,,/to-rent/mazeppa-bay/eastern-cape/2512,/for-sale/mazeppa-bay/eastern-cape/2512
Eastern Cape,Middelburg,,/to-rent/middelburg/eastern-cape/265,/for-sale/middelburg/eastern-cape/265
Eastern Cape,Molteno,,/to-rent/molteno/eastern-cape/240,/for-sale/molteno/eastern-cape/240
Eastern Cape,Morgans Bay,,/to-rent/morgans-bay/eastern-cape/2507,/for-sale/morgans-bay/eastern-cape/2507
Eastern Cape,Mount Ayliff,,/to-rent/mount-ayliff/eastern-cape/2510,/for-sale/mount-ayliff/eastern-cape/2510
Eastern Cape,Mount Fletcher,,/to-rent/mount-fletcher/eastern-cape/2409,/for-sale/mount-fletcher/eastern-cape/2409
Eastern Cape,Mount Frere,,/to-rent/mount-frere/eastern-cape/384,/for-sale/mount-frere/eastern-cape/384
Eastern Cape,Mthatha,,/to-rent/mthatha/eastern-cape/386,/for-sale/mthatha/eastern-cape/386
Eastern Cape,Ngqeleni,,/to-rent/ngqeleni/eastern-cape/2485,/for-sale/ngqeleni/eastern-cape/2485
Eastern Cape,Oyster Bay,,/to-rent/oyster-bay/eastern-cape/305,/for-sale/oyster-bay/eastern-cape/305
Eastern Cape,Paterson,,/to-rent/paterson/eastern-cape/444,/for-sale/paterson/eastern-cape/444
Eastern Cape,Pearston,,/to-rent/pearston/eastern-cape/263,/for-sale/pearston/eastern-cape/263
Eastern Cape,Peddie,,/to-rent/peddie/eastern-cape/248,/for-sale/peddie/eastern-cape/248
Eastern Cape,Port Alfred,,/to-rent/port-alfred/eastern-cape/446,/for-sale/port-alfred/eastern-cape/446
Eastern Cape,Port St Johns,,/to-rent/port-st-johns/eastern-cape/387,/for-sale/port-st-johns/eastern-cape/387
Eastern Cape,Qolora Mouth,,/to-rent/qolora-mouth/eastern-cape/2513,/for-sale/qolora-mouth/eastern-cape/2513
Eastern Cape,Queenstown,,/to-rent/queenstown/eastern-cape/219,/for-sale/queenstown/eastern-cape/219
Eastern Cape,Qumbu,,/to-rent/qumbu/eastern-cape/2404,/for-sale/qumbu/eastern-cape/2404
Eastern Cape,Riebeek East,,/to-rent/riebeek-east/eastern-cape/702,/for-sale/riebeek-east/eastern-cape/702
Eastern Cape,Seymour,,/to-rent/seymour/eastern-cape/257,/for-sale/seymour/eastern-cape/257
Eastern Cape,Somerset East,,/to-rent/somerset-east/eastern-cape/262,/for-sale/somerset-east/eastern-cape/262
Eastern Cape,St Francis Bay,,/to-rent/st-francis-bay/eastern-cape/307,/for-sale/st-francis-bay/eastern-cape/307
Eastern Cape,Sterkspruit,,/to-rent/sterkspruit/eastern-cape/2509,/for-sale/sterkspruit/eastern-cape/2509
Eastern Cape,Sterkstroom,,/to-rent/sterkstroom/eastern-cape/231,/for-sale/sterkstroom/eastern-cape/231
Eastern Cape,Steynsburg,,/to-rent/steynsburg/eastern-cape/266,/for-sale/steynsburg/eastern-cape/266
Eastern Cape,Steytlerville,,/to-rent/steytlerville/eastern-cape/296,/for-sale/steytlerville/eastern-cape/296
Eastern Cape,Stutterheim,,/to-rent/stutterheim/eastern-cape/373,/for-sale/stutterheim/eastern-cape/373
Eastern Cape,Tabankulu,,/to-rent/tabankulu/eastern-cape/2482,/for-sale/tabankulu/eastern-cape/2482
Eastern Cape,Tarkastad,,/to-rent/tarkastad/eastern-cape/227,/for-sale/tarkastad/eastern-cape/227
Eastern Cape,Thornhill,,/to-rent/thornhill/eastern-cape/310,/for-sale/thornhill/eastern-cape/310
Eastern Cape,Tsolo,,/to-rent/tsolo/eastern-cape/389,/for-sale/tsolo/eastern-cape/389
Eastern Cape,Tsomo,,/to-rent/tsomo/eastern-cape/2488,/for-sale/tsomo/eastern-cape/2488
Eastern Cape,Ugie,,/to-rent/ugie/eastern-cape/238,/for-sale/ugie/eastern-cape/238
Eastern Cape,Uitenhage,,/to-rent/uitenhage/eastern-cape/293,/for-sale/uitenhage/eastern-cape/293
Eastern Cape,Venterstad,,/to-rent/venterstad/eastern-cape/590,/for-sale/venterstad/eastern-cape/590
Eastern Cape,Whittlesea,,/to-rent/whittlesea/eastern-cape/224,/for-sale/whittlesea/eastern-cape/224
Eastern Cape,Willowmore,,/to-rent/willowmore/eastern-cape/314,/for-sale/willowmore/eastern-cape/314
Eastern Cape,Willowvale,,/to-rent/willowvale/eastern-cape/2490,/for-sale/willowvale/eastern-cape/2490
Free State,Allanridge,,/to-rent/allanridge/free-state/1717,/for-sale/allanridge/free-state/1717
Free State,Arlington,,/to-rent/arlington/free-state/568,/for-sale/arlington/free-state/568
Free State,Bethlehem,,/to-rent/bethlehem/free-state/576,/for-sale/bethlehem/free-state/576
Free State,Bethulie,,/to-rent/bethulie/free-state/614,/for-sale/bethulie/free-state/614
Free State,Bloemfontein,,/to-rent/bloemfontein/free-state/18,/for-sale/bloemfontein/free-state/18
Free State,Boshof,,/to-rent/boshof/free-state/504,/for-sale/boshof/free-state/504
Free State,Bothaville,,/to-rent/bothaville/free-state/573,/for-sale/bothaville/free-state/573
Free State,Brandfort,,/to-rent/brandfort/free-state/544,/for-sale/brandfort/free-state/544
Free State,Bultfontein,,/to-rent/bultfontein/free-state/574,/for-sale/bultfontein/free-state/574
Free State,Clarens,,/to-rent/clarens/free-state/577,/for-sale/clarens/free-state/577
Free State,Clocolan,,/to-rent/clocolan/free-state/581,/for-sale/clocolan/free-state/581
Free State,Dealesville,,/to-rent/dealesville/free-state/809,/for-sale/dealesville/free-state/809
Free State,Deneysville,,/to-rent/deneysville/free-state/106,/for-sale/deneysville/free-state/106
Free State,Dewetsdorp,,/to-rent/dewetsdorp/free-state/605,/for-sale/dewetsdorp/free-state/605
Free State,Edenburg,,/to-rent/edenburg/free-state/600,/for-sale/edenburg/free-state/600
Free State,Edenville,,/to-rent/edenville/free-state/2540,/for-sale/edenville/free-state/2540
Free State,Excelsior,,/to-rent/excelsior/free-state/585,/for-sale/excelsior/free-state/585
Free State,Fauresmith,,/to-rent/fauresmith/free-state/612,/for-sale/fauresmith/free-state/612
Free State,Ficksburg,,/to-rent/ficksburg/free-state/580,/for-sale/ficksburg/free-state/580
Free State,Fouriesburg,,/to-rent/fouriesburg/free-state/579,/for-sale/fouriesburg/free-state/579
Free State,Frankfort,,/to-rent/frankfort/free-state/594,/for-sale/frankfort/free-state/594
Free State,Gariepdam,,/to-rent/gariepdam/free-state/2544,/for-sale/gariepdam/free-state/2544
Free State,Harrismith,,/to-rent/harrismith/free-state/597,/for-sale/harrismith/free-state/597
Free State,Heilbron,,/to-rent/heilbron/free-state/572,/for-sale/heilbron/free-state/572
Free State,Hennenman,,/to-rent/hennenman/free-state/551,/for-sale/hennenman/free-state/551
Free State,Hertzogville,,/to-rent/hertzogville/free-state/555,/for-sale/hertzogville/free-state/555
Free State,Hobhouse,,/to-rent/hobhouse/free-state/582,/for-sale/hobhouse/free-state/582
Free State,Hoopstad,,/to-rent/hoopstad/free-state/553,/for-sale/hoopstad/free-state/553
Free State,Jacobsdal,,/to-rent/jacobsdal/free-state/522,/for-sale/jacobsdal/free-state/522
Free State,Jagersfontein,,/to-rent/jagersfontein/free-state/611,/for-sale/jagersfontein/free-state/611
Free State,Kestell,,/to-rent/kestell/free-state/716,/for-sale/kestell/free-state/716
Free State,Koffiefontein,,/to-rent/koffiefontein/free-state/613,/for-sale/koffiefontein/free-state/613
Free State,Koppies,,/to-rent/koppies/free-state/562,/for-sale/koppies/free-state/562
Free State,Kroonstad,,/to-rent/kroonstad/free-state/557,/for-sale/kroonstad/free-state/557
Free State,Ladybrand,,/to-rent/ladybrand/free-state/583,/for-sale/ladybrand/free-state/583
Free State,Lindley,,/to-rent/lindley/free-state/570,/for-sale/lindley/free-state/570
Free State,Luckhoff,,/to-rent/luckhoff/free-state/701,/for-sale/luckhoff/free-state/701
Free State,Marquard,,/to-rent/marquard/free-state/569,/for-sale/marquard/free-state/569
Free State,Memel,,/to-rent/memel/free-state/139,/for-sale/memel/free-state/139
Free State,Odendaalsrus,,/to-rent/odendaalsrus/free-state/554,/for-sale/odendaalsrus/free-state/554
Free State,Oranjeville,,/to-rent/oranjeville/free-state/547,/for-sale/oranjeville/free-state/547
Free State,Parys,,/to-rent/parys/free-state/566,/for-sale/parys/free-state/566
Free State,Paul Roux,,/to-rent/paul-roux/free-state/591,/for-sale/paul-roux/free-state/591
Free State,Petrus Steyn,,/to-rent/petrus-steyn/free-state/571,/for-sale/petrus-steyn/free-state/571
Free State,Petrusburg,,/to-rent/petrusburg/free-state/604,/for-sale/petrusburg/free-state/604
Free State,Philippolis,,/to-rent/philippolis/free-state/610,/for-sale/philippolis/free-state/610
Free State,Phuthaditjhaba,,/to-rent/phuthaditjhaba/free-state/596,/for-sale/phuthaditjhaba/free-state/596
Free State,Reddersburg,,/to-rent/reddersburg/free-state/599,/for-sale/reddersburg/free-state/599
Free State,Reitz,,/to-rent/reitz/free-state/592,/for-sale/reitz/free-state/592
Free State,Renovaal,,/to-rent/renovaal/free-state/774,/for-sale/renovaal/free-state/774
Free State,Rosendal,,/to-rent/rosendal/free-state/578,/for-sale/rosendal/free-state/578
Free State,Rouxville,,/to-rent/rouxville/free-state/608,/for-sale/rouxville/free-state/608
Free State,Sasolburg,,/to-rent/sasolburg/free-state/564,/for-sale/sasolburg/free-state/564
Free State,Senekal,,/to-rent/senekal/free-state/556,/for-sale/senekal/free-state/556
Free State,Smithfield,,/to-rent/smithfield/free-state/609,/for-sale/smithfield/free-state/609
Free State,Springfontein,,/to-rent/springfontein/free-state/602,/for-sale/springfontein/free-state/602
Free State,Steynsrus,,/to-rent/steynsrus/free-state/558,/for-sale/steynsrus/free-state/558
Free State,Thaba Nchu,,/to-rent/thaba-nchu/free-state/589,/for-sale/thaba-nchu/free-state/589
Free State,Theunissen,,/to-rent/theunissen/free-state/546,/for-sale/theunissen/free-state/546
Free State,Trompsburg,,/to-rent/trompsburg/free-state/601,/for-sale/trompsburg/free-state/601
Free State,Tweeling,,/to-rent/tweeling/free-state/593,/for-sale/tweeling/free-state/593
Free State,Ventersburg,,/to-rent/ventersburg/free-state/552,/for-sale/ventersburg/free-state/552
Free State,Vierfontein,,/to-rent/vierfontein/free-state/560,/for-sale/vierfontein/free-state/560
Free State,Viljoenskroon,,/to-rent/viljoenskroon/free-state/559,/for-sale/viljoenskroon/free-state/559
Free State,Virginia,,/to-rent/virginia/free-state/549,/for-sale/virginia/free-state/549
Free State,Vrede,,/to-rent/vrede/free-state/120,/for-sale/vrede/free-state/120
Free State,Vredefort,,/to-rent/vredefort/free-state/567,/for-sale/vredefort/free-state/567
Free State,Warden,,/to-rent/warden/free-state/2541,/for-sale/warden/free-state/2541
Free State,Welkom,,/to-rent/welkom/free-state/550,/for-sale/welkom/free-state/550
Free State,Wepener,,/to-rent/wepener/free-state/606,/for-sale/wepener/free-state/606
Free State,Wesselsbron,,/to-rent/wesselsbron/free-state/575,/for-sale/wesselsbron/free-state/575
Free State,Winburg,,/to-rent/winburg/free-state/548,/for-sale/winburg/free-state/548
Free State,Zastron,,/to-rent/zastron/free-state/607,/for-sale/zastron/free-state/607
Gauteng,Akasia,,/to-rent/akasia/gauteng/2462,/for-sale/akasia/gauteng/2462
Gauteng,Alberton,,/to-rent/alberton/gauteng/19,/for-sale/alberton/gauteng/19
Gauteng,Bedfordview,,/to-rent/bedfordview/gauteng/767,/for-sale/bedfordview/gauteng/767
Gauteng,Benoni,,/to-rent/benoni/gauteng/22,/for-sale/benoni/gauteng/22
Gauteng,Boksburg,,/to-rent/boksburg/gauteng/20,/for-sale/boksburg/gauteng/20
Gauteng,Brakpan,,/to-rent/brakpan/gauteng/10,/for-sale/brakpan/gauteng/10
Gauteng,Bronkhorstspruit,,/to-rent/bronkhorstspruit/gauteng/43,/for-sale/bronkhorstspruit/gauteng/43
Gauteng,Carletonville,,/to-rent/carletonville/gauteng/124,/for-sale/carletonville/gauteng/124
Gauteng,Centurion,,/to-rent/centurion/gauteng/3,/for-sale/centurion/gauteng/3
Gauteng,Cullinan,,/to-rent/cullinan/gauteng/40,/for-sale/cullinan/gauteng/40
Gauteng,Edenvale,,/to-rent/edenvale/gauteng/14,/for-sale/edenvale/gauteng/14
Gauteng,Eikenhof,,/to-rent/eikenhof/gauteng/1810,/for-sale/eikenhof/gauteng/1810
Gauteng,Evaton,,/to-rent/evaton/gauteng/2463,/for-sale/evaton/gauteng/2463
Gauteng,Fochville,,/to-rent/fochville/gauteng/2182,/for-sale/fochville/gauteng/2182
Gauteng,Ga-rankuwa,,/to-rent/ga-rankuwa/gauteng/78,/for-sale/ga-rankuwa/gauteng/78
Gauteng,Germiston,,/to-rent/germiston/gauteng/13,/for-sale/germiston/gauteng/13
Gauteng,Hammanskraal,,/to-rent/hammanskraal/gauteng/2,/for-sale/hammanskraal/gauteng/2
Gauteng,Heidelberg,,/to-rent/heidelberg/gauteng/116,/for-sale/heidelberg/gauteng/116
Gauteng,Johannesburg,,/to-rent/johannesburg/gauteng/100,/for-sale/johannesburg/gauteng/100
Gauteng,Katlehong,,/to-rent/katlehong/gauteng/2355,/for-sale/katlehong/gauteng/2355
Gauteng,Kempton Park,,/to-rent/kempton-park/gauteng/12,/for-sale/kempton-park/gauteng/12
Gauteng,Krugersdorp,,/to-rent/krugersdorp/gauteng/7,/for-sale/krugersdorp/gauteng/7
Gauteng,Mabopane,,/to-rent/mabopane/gauteng/76,/for-sale/mabopane/gauteng/76
Gauteng,Meyerton,,/to-rent/meyerton/gauteng/108,/for-sale/meyerton/gauteng/108
Gauteng,Midrand,,/to-rent/midrand/gauteng/16,/for-sale/midrand/gauteng/16
Gauteng,Nigel,,/to-rent/nigel/gauteng/21,/for-sale/nigel/gauteng/21
Gauteng,Pretoria,,/to-rent/pretoria/gauteng/1,/for-sale/pretoria/gauteng/1
Gauteng,Randburg,,/to-rent/randburg/gauteng/8,/for-sale/randburg/gauteng/8
Gauteng,Randfontein,,/to-rent/randfontein/gauteng/9,/for-sale/randfontein/gauteng/9
Gauteng,Rayton,,/to-rent/rayton/gauteng/41,/for-sale/rayton/gauteng/41
Gauteng,Roodepoort,,/to-rent/roodepoort/gauteng/5,/for-sale/roodepoort/gauteng/5
Gauteng,Sandton,,/to-rent/sandton/gauteng/109,/for-sale/sandton/gauteng/109
Gauteng,Sebokeng,,/to-rent/sebokeng/gauteng/2469,/for-sale/sebokeng/gauteng/2469
Gauteng,Soshanguve,,/to-rent/soshanguve/gauteng/2470,/for-sale/soshanguve/gauteng/2470
Gauteng,Soweto,,/to-rent/soweto/gauteng/102,/for-sale/soweto/gauteng/102
Gauteng,Springs,,/to-rent/springs/gauteng/11,/for-sale/springs/gauteng/11
Gauteng,Temba,,/to-rent/temba/gauteng/91,/for-sale/temba/gauteng/91
Gauteng,Tembisa,,/to-rent/tembisa/gauteng/17,/for-sale/tembisa/gauteng/17
Gauteng,Vaal Marina,,/to-rent/vaal-marina/gauteng/840,/for-sale/vaal-marina/gauteng/840
Gauteng,Vanderbijlpark,,/to-rent/vanderbijlpark/gauteng/105,/for-sale/vanderbijlpark/gauteng/105
Gauteng,Vereeniging,,/to-rent/vereeniging/gauteng/103,/for-sale/vereeniging/gauteng/103
Gauteng,Walkerville,,/to-rent/walkerville/gauteng/107,/for-sale/walkerville/gauteng/107
Gauteng,Westonaria,,/to-rent/westonaria/gauteng/642,/for-sale/westonaria/gauteng/642
Gauteng,Wonderboom,,/to-rent/wonderboom/gauteng/2473,/for-sale/wonderboom/gauteng/2473
Kwazulu Natal,Adams Mission,,/to-rent/adams-mission/kwazulu-natal/191,/for-sale/adams-mission/kwazulu-natal/191
Kwazulu Natal,Amanzimtoti,,/to-rent/amanzimtoti/kwazulu-natal/194,/for-sale/amanzimtoti/kwazulu-natal/194
Kwazulu Natal,Amatikulu,,/to-rent/amatikulu/kwazulu-natal/277,/for-sale/amatikulu/kwazulu-natal/277
Kwazulu Natal,Ballito,,/to-rent/ballito/kwazulu-natal/361,/for-sale/ballito/kwazulu-natal/361
Kwazulu Natal,Bergville,,/to-rent/bergville/kwazulu-natal/166,/for-sale/bergville/kwazulu-natal/166
Kwazulu Natal,Blythedale,,/to-rent/blythedale/kwazulu-natal/835,/for-sale/blythedale/kwazulu-natal/835
Kwazulu Natal,Bulwer,,/to-rent/bulwer/kwazulu-natal/1811,/for-sale/bulwer/kwazulu-natal/1811
Kwazulu Natal,Byrne,,/to-rent/byrne/kwazulu-natal/275,/for-sale/byrne/kwazulu-natal/275
Kwazulu Natal,Camperdown,,/to-rent/camperdown/kwazulu-natal/836,/for-sale/camperdown/kwazulu-natal/836
Kwazulu Natal,Cathkin Park,,/to-rent/cathkin-park/kwazulu-natal/771,/for-sale/cathkin-park/kwazulu-natal/771
Kwazulu Natal,Cato Ridge,,/to-rent/cato-ridge/kwazulu-natal/2362,/for-sale/cato-ridge/kwazulu-natal/2362
Kwazulu Natal,Chatsworth,,/to-rent/chatsworth/kwazulu-natal/2492,/for-sale/chatsworth/kwazulu-natal/2492
Kwazulu Natal,Colenso,,/to-rent/colenso/kwazulu-natal/167,/for-sale/colenso/kwazulu-natal/167
Kwazulu Natal,Cornubia,,/to-rent/cornubia/kwazulu-natal/2401,/for-sale/cornubia/kwazulu-natal/2401
Kwazulu Natal,Creighton,,/to-rent/creighton/kwazulu-natal/789,/for-sale/creighton/kwazulu-natal/789
Kwazulu Natal,Dannhauser,,/to-rent/dannhauser/kwazulu-natal/2361,/for-sale/dannhauser/kwazulu-natal/2361
Kwazulu Natal,Darnall,,/to-rent/darnall/kwazulu-natal/363,/for-sale/darnall/kwazulu-natal/363
Kwazulu Natal,Desainagar,,/to-rent/desainagar/kwazulu-natal/359,/for-sale/desainagar/kwazulu-natal/359
Kwazulu Natal,Donnybrook,,/to-rent/donnybrook/kwazulu-natal/762,/for-sale/donnybrook/kwazulu-natal/762
Kwazulu Natal,Dundee,,/to-rent/dundee/kwazulu-natal/141,/for-sale/dundee/kwazulu-natal/141
Kwazulu Natal,Durban,,/to-rent/durban/kwazulu-natal/169,/for-sale/durban/kwazulu-natal/169
Kwazulu Natal,Durban North,,/to-rent/durban-north/kwazulu-natal/2538,/for-sale/durban-north/kwazulu-natal/2538
Kwazulu Natal,Elysium,,/to-rent/elysium/kwazulu-natal/2515,/for-sale/elysium/kwazulu-natal/2515
Kwazulu Natal,Empangeni,,/to-rent/empangeni/kwazulu-natal/280,/for-sale/empangeni/kwazulu-natal/280
Kwazulu Natal,Eshowe,,/to-rent/eshowe/kwazulu-natal/278,/for-sale/eshowe/kwazulu-natal/278
Kwazulu Natal,Esikhawini,,/to-rent/esikhawini/kwazulu-natal/282,/for-sale/esikhawini/kwazulu-natal/282
Kwazulu Natal,Estcourt,,/to-rent/estcourt/kwazulu-natal/162,/for-sale/estcourt/kwazulu-natal/162
Kwazulu Natal,Geluksburg,,/to-rent/geluksburg/kwazulu-natal/772,/for-sale/geluksburg/kwazulu-natal/772
Kwazulu Natal,Gingindlovu,,/to-rent/gingindlovu/kwazulu-natal/276,/for-sale/gingindlovu/kwazulu-natal/276
Kwazulu Natal,Glencoe,,/to-rent/glencoe/kwazulu-natal/137,/for-sale/glencoe/kwazulu-natal/137
Kwazulu Natal,Greytown,,/to-rent/greytown/kwazulu-natal/150,/for-sale/greytown/kwazulu-natal/150
Kwazulu Natal,Hammarsdale,,/to-rent/hammarsdale/kwazulu-natal/272,/for-sale/hammarsdale/kwazulu-natal/272
Kwazulu Natal,Harding,,/to-rent/harding/kwazulu-natal/366,/for-sale/harding/kwazulu-natal/366
Kwazulu Natal,Hibberdene,,/to-rent/hibberdene/kwazulu-natal/867,/for-sale/hibberdene/kwazulu-natal/867
Kwazulu Natal,Hillcrest,,/to-rent/hillcrest/kwazulu-natal/171,/for-sale/hillcrest/kwazulu-natal/171
Kwazulu Natal,Hilton,,/to-rent/hilton/kwazulu-natal/153,/for-sale/hilton/kwazulu-natal/153
Kwazulu Natal,Himeville,,/to-rent/himeville/kwazulu-natal/155,/for-sale/himeville/kwazulu-natal/155
Kwazulu Natal,Hluhluwe,,/to-rent/hluhluwe/kwazulu-natal/289,/for-sale/hluhluwe/kwazulu-natal/289
Kwazulu Natal,Howick,,/to-rent/howick/kwazulu-natal/148,/for-sale/howick/kwazulu-natal/148
Kwazulu Natal,Impendhle,,/to-rent/impendhle/kwazulu-natal/149,/for-sale/impendhle/kwazulu-natal/149
Kwazulu Natal,Isipingo,,/to-rent/isipingo/kwazulu-natal/2542,/for-sale/isipingo/kwazulu-natal/2542
Kwazulu Natal,Ixopo,,/to-rent/ixopo/kwazulu-natal/160,/for-sale/ixopo/kwazulu-natal/160
Kwazulu Natal,Jozini,,/to-rent/jozini/kwazulu-natal/2410,/for-sale/jozini/kwazulu-natal/2410
Kwazulu Natal,Kingsburgh,,/to-rent/kingsburgh/kwazulu-natal/2564,/for-sale/kingsburgh/kwazulu-natal/2564
Kwazulu Natal,Kloof,,/to-rent/kloof/kwazulu-natal/174,/for-sale/kloof/kwazulu-natal/174
Kwazulu Natal,Kokstad,,/to-rent/kokstad/kwazulu-natal/151,/for-sale/kokstad/kwazulu-natal/151
Kwazulu Natal,Kranskop,,/to-rent/kranskop/kwazulu-natal/159,/for-sale/kranskop/kwazulu-natal/159
Kwazulu Natal,KwaMazambane,,/to-rent/kwamazambane/kwazulu-natal/2460,/for-sale/kwamazambane/kwazulu-natal/2460
Kwazulu Natal,Kwambonambi,,/to-rent/kwambonambi/kwazulu-natal/285,/for-sale/kwambonambi/kwazulu-natal/285
Kwazulu Natal,La Mercy,,/to-rent/la-mercy/kwazulu-natal/360,/for-sale/la-mercy/kwazulu-natal/360
Kwazulu Natal,Ladysmith,,/to-rent/ladysmith/kwazulu-natal/168,/for-sale/ladysmith/kwazulu-natal/168
Kwazulu Natal,Louwsburg,,/to-rent/louwsburg/kwazulu-natal/2357,/for-sale/louwsburg/kwazulu-natal/2357
Kwazulu Natal,Mandeni,,/to-rent/mandeni/kwazulu-natal/364,/for-sale/mandeni/kwazulu-natal/364
Kwazulu Natal,Margate,,/to-rent/margate/kwazulu-natal/814,/for-sale/margate/kwazulu-natal/814
Kwazulu Natal,Marina Beach,,/to-rent/marina-beach/kwazulu-natal/868,/for-sale/marina-beach/kwazulu-natal/868
Kwazulu Natal,Melmoth,,/to-rent/melmoth/kwazulu-natal/279,/for-sale/melmoth/kwazulu-natal/279
Kwazulu Natal,Mkuze,,/to-rent/mkuze/kwazulu-natal/290,/for-sale/mkuze/kwazulu-natal/290
Kwazulu Natal,Monteseel,,/to-rent/monteseel/kwazulu-natal/175,/for-sale/monteseel/kwazulu-natal/175
Kwazulu Natal,Mooi River,,/to-rent/mooi-river/kwazulu-natal/750,/for-sale/mooi-river/kwazulu-natal/750
Kwazulu Natal,Mount Edgecombe,,/to-rent/mount-edgecombe/kwazulu-natal/184,/for-sale/mount-edgecombe/kwazulu-natal/184
Kwazulu Natal,Mtubatuba,,/to-rent/mtubatuba/kwazulu-natal/286,/for-sale/mtubatuba/kwazulu-natal/286
Kwazulu Natal,Mtunzini,,/to-rent/mtunzini/kwazulu-natal/281,/for-sale/mtunzini/kwazulu-natal/281
Kwazulu Natal,Mtwalume,,/to-rent/mtwalume/kwazulu-natal/2529,/for-sale/mtwalume/kwazulu-natal/2529
Kwazulu Natal,Ndwedwe,,/to-rent/ndwedwe/kwazulu-natal/2499,/for-sale/ndwedwe/kwazulu-natal/2499
Kwazulu Natal,New Hanover,,/to-rent/new-hanover/kwazulu-natal/2496,/for-sale/new-hanover/kwazulu-natal/2496
Kwazulu Natal,Newcastle,,/to-rent/newcastle/kwazulu-natal/138,/for-sale/newcastle/kwazulu-natal/138
Kwazulu Natal,Nkandla,,/to-rent/nkandla/kwazulu-natal/2449,/for-sale/nkandla/kwazulu-natal/2449
Kwazulu Natal,Nottingham Road,,/to-rent/nottingham-road/kwazulu-natal/2353,/for-sale/nottingham-road/kwazulu-natal/2353
Kwazulu Natal,Nqutu,,/to-rent/nqutu/kwazulu-natal/2498,/for-sale/nqutu/kwazulu-natal/2498
Kwazulu Natal,Paulpietersburg,,/to-rent/paulpietersburg/kwazulu-natal/146,/for-sale/paulpietersburg/kwazulu-natal/146
Kwazulu Natal,Pennington,,/to-rent/pennington/kwazulu-natal/198,/for-sale/pennington/kwazulu-natal/198
Kwazulu Natal,Phoenix,,/to-rent/phoenix/kwazulu-natal/187,/for-sale/phoenix/kwazulu-natal/187
Kwazulu Natal,Pietermaritzburg,,/to-rent/pietermaritzburg/kwazulu-natal/147,/for-sale/pietermaritzburg/kwazulu-natal/147
Kwazulu Natal,Pinetown,,/to-rent/pinetown/kwazulu-natal/173,/for-sale/pinetown/kwazulu-natal/173
Kwazulu Natal,Pongola,,/to-rent/pongola/kwazulu-natal/145,/for-sale/pongola/kwazulu-natal/145
Kwazulu Natal,Port Edward,,/to-rent/port-edward/kwazulu-natal/822,/for-sale/port-edward/kwazulu-natal/822
Kwazulu Natal,Port Shepstone,,/to-rent/port-shepstone/kwazulu-natal/694,/for-sale/port-shepstone/kwazulu-natal/694
Kwazulu Natal,Queensburgh,,/to-rent/queensburgh/kwazulu-natal/188,/for-sale/queensburgh/kwazulu-natal/188
Kwazulu Natal,Richards Bay,,/to-rent/richards-bay/kwazulu-natal/283,/for-sale/richards-bay/kwazulu-natal/283
Kwazulu Natal,Richmond,,/to-rent/richmond/kwazulu-natal/274,/for-sale/richmond/kwazulu-natal/274
Kwazulu Natal,San Lameer,,/to-rent/san-lameer/kwazulu-natal/2457,/for-sale/san-lameer/kwazulu-natal/2457
Kwazulu Natal,Scottburgh,,/to-rent/scottburgh/kwazulu-natal/197,/for-sale/scottburgh/kwazulu-natal/197
Kwazulu Natal,Sodwana Bay,,/to-rent/sodwana-bay/kwazulu-natal/817,/for-sale/sodwana-bay/kwazulu-natal/817
Kwazulu Natal,Southbroom,,/to-rent/southbroom/kwazulu-natal/870,/for-sale/southbroom/kwazulu-natal/870
Kwazulu Natal,St Lucia,,/to-rent/st-lucia/kwazulu-natal/287,/for-sale/st-lucia/kwazulu-natal/287
Kwazulu Natal,Stanger,,/to-rent/stanger/kwazulu-natal/143,/for-sale/stanger/kwazulu-natal/143
Kwazulu Natal,Tongaat,,/to-rent/tongaat/kwazulu-natal/353,/for-sale/tongaat/kwazulu-natal/353
Kwazulu Natal,Trafalgar,,/to-rent/trafalgar/kwazulu-natal/871,/for-sale/trafalgar/kwazulu-natal/871
Kwazulu Natal,Tugela Ferry,,/to-rent/tugela-ferry/kwazulu-natal/2501,/for-sale/tugela-ferry/kwazulu-natal/2501
Kwazulu Natal,Ulundi,,/to-rent/ulundi/kwazulu-natal/2461,/for-sale/ulundi/kwazulu-natal/2461
Kwazulu Natal,Umbumbulu,,/to-rent/umbumbulu/kwazulu-natal/192,/for-sale/umbumbulu/kwazulu-natal/192
Kwazulu Natal,Umdloti,,/to-rent/umdloti/kwazulu-natal/351,/for-sale/umdloti/kwazulu-natal/351
Kwazulu Natal,Umhlanga,,/to-rent/umhlanga/kwazulu-natal/185,/for-sale/umhlanga/kwazulu-natal/185
Kwazulu Natal,Umkomaas,,/to-rent/umkomaas/kwazulu-natal/196,/for-sale/umkomaas/kwazulu-natal/196
Kwazulu Natal,Umlazi,,/to-rent/umlazi/kwazulu-natal/195,/for-sale/umlazi/kwazulu-natal/195
Kwazulu Natal,Umphumulo,,/to-rent/umphumulo/kwazulu-natal/2500,/for-sale/umphumulo/kwazulu-natal/2500
Kwazulu Natal,Umzimkhulu,,/to-rent/umzimkhulu/kwazulu-natal/161,/for-sale/umzimkhulu/kwazulu-natal/161
Kwazulu Natal,Umzinto,,/to-rent/umzinto/kwazulu-natal/157,/for-sale/umzinto/kwazulu-natal/157
Kwazulu Natal,Umzumbe,,/to-rent/umzumbe/kwazulu-natal/201,/for-sale/umzumbe/kwazulu-natal/201
Kwazulu Natal,Underberg,,/to-rent/underberg/kwazulu-natal/156,/for-sale/underberg/kwazulu-natal/156
Kwazulu Natal,Utrecht,,/to-rent/utrecht/kwazulu-natal/140,/for-sale/utrecht/kwazulu-natal/140
Kwazulu Natal,Verulam,,/to-rent/verulam/kwazulu-natal/163,/for-sale/verulam/kwazulu-natal/163
Kwazulu Natal,Vryheid,,/to-rent/vryheid/kwazulu-natal/142,/for-sale/vryheid/kwazulu-natal/142
Kwazulu Natal,Winterton,,/to-rent/winterton/kwazulu-natal/165,/for-sale/winterton/kwazulu-natal/165
Kwazulu Natal,Zinkwazi Beach,,/to-rent/zinkwazi-beach/kwazulu-natal/357,/for-sale/zinkwazi-beach/kwazulu-natal/357
Kwazulu Natal,Zululand,,/to-rent/zululand/kwazulu-natal/845,/for-sale/zululand/kwazulu-natal/845
Limpopo,Akasia,,/to-rent/akasia/mokopane/limpopo/11499,/for-sale/akasia/mokopane/limpopo/11499
Limpopo,All Cities,,/to-rent/all-cities/limpopo/14,/for-sale/all-cities/limpopo/14
Limpopo,Alldays,,/to-rent/alldays/limpopo/726,/for-sale/alldays/limpopo/726
Limpopo,Aquapark,,/to-rent/aquapark/tzaneen/limpopo/11168,/for-sale/aquapark/tzaneen/limpopo/11168
Limpopo,Arborpark,,/to-rent/arborpark/tzaneen/limpopo/11169,/for-sale/arborpark/tzaneen/limpopo/11169
Limpopo,Bela Bela,,/to-rent/bela-bela/limpopo/739,/for-sale/bela-bela/limpopo/739
Limpopo,Bendor,,/to-rent/bendor/polokwane/limpopo/11332,/for-sale/bendor/polokwane/limpopo/11332
Limpopo,Burgersfort,,/to-rent/burgersfort/limpopo/55,/for-sale/burgersfort/limpopo/55
Limpopo,Chroompark,,/to-rent/chroompark/mokopane/limpopo/11473,/for-sale/chroompark/mokopane/limpopo/11473
Limpopo,Dendron,,/to-rent/dendron/limpopo/744,/for-sale/dendron/limpopo/744
Limpopo,Dwaalboom,,/to-rent/dwaalboom/thabazimbi/limpopo/11269,/for-sale/dwaalboom/thabazimbi/limpopo/11269
Limpopo,Eltivillas,,/to-rent/eltivillas/louis-trichardt/limpopo/11244,/for-sale/eltivillas/louis-trichardt/limpopo/11244
Limpopo,Flora Park,,/to-rent/flora-park/polokwane/limpopo/11353,/for-sale/flora-park/polokwane/limpopo/11353
Limpopo,Gravelotte,,/to-rent/gravelotte/limpopo/724,/for-sale/gravelotte/limpopo/724
Limpopo,Groblersdal,,/to-rent/groblersdal/limpopo/759,/for-sale/groblersdal/limpopo/759
Limpopo,Haenertsburg,,/to-rent/haenertsburg/tzaneen/limpopo/11173,/for-sale/haenertsburg/tzaneen/limpopo/11173
Limpopo,Hoedspruit,,/to-rent/hoedspruit/limpopo/752,/for-sale/hoedspruit/limpopo/752
Limpopo,Hoedspruit Wildlife Estate,,/to-rent/hoedspruit-wildlife-estate/hoedspruit/limpopo/12291,/for-sale/hoedspruit-wildlife-estate/hoedspruit/limpopo/12291
Limpopo,Impala Park,,/to-rent/impala-park/mokopane/limpopo/11474,/for-sale/impala-park/mokopane/limpopo/11474
Limpopo,Ivy Park,,/to-rent/ivy-park/polokwane/limpopo/11360,/for-sale/ivy-park/polokwane/limpopo/11360
Limpopo,Kameeldoringpark,,/to-rent/kameeldoringpark/mokopane/limpopo/11501,/for-sale/kameeldoringpark/mokopane/limpopo/11501
Limpopo,Kampersrus,,/to-rent/kampersrus/hoedspruit/limpopo/11533,/for-sale/kampersrus/hoedspruit/limpopo/11533
Limpopo,Leeupoort,,/to-rent/leeupoort/thabazimbi/limpopo/10973,/for-sale/leeupoort/thabazimbi/limpopo/10973
Limpopo,Leopard Rock Nature Reserve,,/to-rent/leopard-rock-nature-reserve/hoedspruit/limpopo/12617,/for-sale/leopard-rock-nature-reserve/hoedspruit/limpopo/12617
Limpopo,Lephalale,,/to-rent/lephalale/limpopo/742,/for-sale/lephalale/limpopo/742
Limpopo,Lephalale Rural,,/to-rent/lephalale-rural/lephalale/limpopo/25609,/for-sale/lephalale-rural/lephalale/limpopo/25609
Limpopo,Louis Trichardt,,/to-rent/louis-trichardt/limpopo/725,/for-sale/louis-trichardt/limpopo/725
Limpopo,Lushof Ah,,/to-rent/lushof-ah/tzaneen/limpopo/11176,/for-sale/lushof-ah/tzaneen/limpopo/11176
Limpopo,Mabalingwe Nature Reserve,,/to-rent/mabalingwe-nature-reserve/bela-bela/limpopo/15863,/for-sale/mabalingwe-nature-reserve/bela-bela/limpopo/15863
Limpopo,Marble Hall,,/to-rent/marble-hall/limpopo/94,/for-sale/marble-hall/limpopo/94
Limpopo,Medi Park,,/to-rent/medi-park/tzaneen/limpopo/11221,/for-sale/medi-park/tzaneen/limpopo/11221
Limpopo,Modimolle,,/to-rent/modimolle/limpopo/741,/for-sale/modimolle/limpopo/741
Limpopo,Moditlo Wildlife Estate,,/to-rent/moditlo-wildlife-estate/hoedspruit/limpopo/12622,/for-sale/moditlo-wildlife-estate/hoedspruit/limpopo/12622
Limpopo,Modjadjiskloof,,/to-rent/modjadjiskloof/limpopo/721,/for-sale/modjadjiskloof/limpopo/721
Limpopo,Mokopane,,/to-rent/mokopane/limpopo/748,/for-sale/mokopane/limpopo/748
Limpopo,Mokopane Central,,/to-rent/mokopane-central/mokopane/limpopo/25621,/for-sale/mokopane-central/mokopane/limpopo/25621
Limpopo,Mookgopong,,/to-rent/mookgopong/limpopo/743,/for-sale/mookgopong/limpopo/743
Limpopo,Musina,,/to-rent/musina/limpopo/746,/for-sale/musina/limpopo/746
Limpopo,Northam,,/to-rent/northam/limpopo/737,/for-sale/northam/limpopo/737
Limpopo,Ohrigstad,,/to-rent/ohrigstad/limpopo/872,/for-sale/ohrigstad/limpopo/872
Limpopo,Onverwacht,,/to-rent/onverwacht/lephalale/limpopo/11314,/for-sale/onverwacht/lephalale/limpopo/11314
Limpopo,Phalaborwa,,/to-rent/phalaborwa/limpopo/735,/for-sale/phalaborwa/limpopo/735
Limpopo,Pienaars River,,/to-rent/pienaars-river/bela-bela/limpopo/11282,/for-sale/pienaars-river/bela-bela/limpopo/11282
Limpopo,Polokwane,,/to-rent/polokwane/limpopo/703,/for-sale/polokwane/limpopo/703
Limpopo,Premierpark,,/to-rent/premierpark/tzaneen/limpopo/11182,/for-sale/premierpark/tzaneen/limpopo/11182
Limpopo,Radium,,/to-rent/radium/bela-bela/limpopo/11291,/for-sale/radium/bela-bela/limpopo/11291
Limpopo,Raptors View Wildlife Estate,,/to-rent/raptors-view-wildlife-estate/hoedspruit/limpopo/12630,/for-sale/raptors-view-wildlife-estate/hoedspruit/limpopo/12630
Limpopo,Rooiberg,,/to-rent/rooiberg/thabazimbi/limpopo/11292,/for-sale/rooiberg/thabazimbi/limpopo/11292
Limpopo,Rust De Winter,,/to-rent/rust-de-winter/bela-bela/limpopo/11280,/for-sale/rust-de-winter/bela-bela/limpopo/11280
Limpopo,Serala View,,/to-rent/serala-view/polokwane/limpopo/11514,/for-sale/serala-view/polokwane/limpopo/11514
Limpopo,Seshego,,/to-rent/seshego/polokwane/limpopo/11461,/for-sale/seshego/polokwane/limpopo/11461
Limpopo,Sterkrivier Ah,,/to-rent/sterkrivier-ah/mokopane/limpopo/11505,/for-sale/sterkrivier-ah/mokopane/limpopo/11505
Limpopo,Thabazimbi,,/to-rent/thabazimbi/limpopo/706,/for-sale/thabazimbi/limpopo/706
Limpopo,Tzaneen,,/to-rent/tzaneen/limpopo/708,/for-sale/tzaneen/limpopo/708
Limpopo,Vaalwater,,/to-rent/vaalwater/limpopo/747,/for-sale/vaalwater/limpopo/747
Limpopo,Waterpoort,,/to-rent/waterpoort/louis-trichardt/limpopo/11241,/for-sale/waterpoort/louis-trichardt/limpopo/11241
Limpopo,Welgelegen,,/to-rent/welgelegen/polokwane/limpopo/11387,/for-sale/welgelegen/polokwane/limpopo/11387
Limpopo,Zandspruit Bush And Aero Estate,,/to-rent/zandspruit-bush-and-aero-estate/hoedspruit/limpopo/12663,/for-sale/zandspruit-bush-and-aero-estate/hoedspruit/limpopo/12663
Mpumalanga,Amersfoort,,/to-rent/amersfoort/mpumalanga/123,/for-sale/amersfoort/mpumalanga/123
Mpumalanga,Amsterdam,,/to-rent/amsterdam/mpumalanga/114,/for-sale/amsterdam/mpumalanga/114
Mpumalanga,Badplaas,,/to-rent/badplaas/mpumalanga/58,/for-sale/badplaas/mpumalanga/58
Mpumalanga,Balfour,,/to-rent/balfour/mpumalanga/754,/for-sale/balfour/mpumalanga/754
Mpumalanga,Barberton,,/to-rent/barberton/mpumalanga/68,/for-sale/barberton/mpumalanga/68
Mpumalanga,Belfast,,/to-rent/belfast/mpumalanga/51,/for-sale/belfast/mpumalanga/51
Mpumalanga,Bethal,,/to-rent/bethal/mpumalanga/112,/for-sale/bethal/mpumalanga/112
Mpumalanga,Breyten,,/to-rent/breyten/mpumalanga/2583,/for-sale/breyten/mpumalanga/2583
Mpumalanga,Bushbuckridge,,/to-rent/bushbuckridge/mpumalanga/711,/for-sale/bushbuckridge/mpumalanga/711
Mpumalanga,Carolina,,/to-rent/carolina/mpumalanga/57,/for-sale/carolina/mpumalanga/57
Mpumalanga,Delmas,,/to-rent/delmas/mpumalanga/176,/for-sale/delmas/mpumalanga/176
Mpumalanga,Dullstroom,,/to-rent/dullstroom/mpumalanga/52,/for-sale/dullstroom/mpumalanga/52
Mpumalanga,Eendrag,,/to-rent/eendrag/mpumalanga/2523,/for-sale/eendrag/mpumalanga/2523
Mpumalanga,Ermelo,,/to-rent/ermelo/mpumalanga/113,/for-sale/ermelo/mpumalanga/113
Mpumalanga,Graskop,,/to-rent/graskop/mpumalanga/67,/for-sale/graskop/mpumalanga/67
Mpumalanga,Greylingstad,,/to-rent/greylingstad/mpumalanga/782,/for-sale/greylingstad/mpumalanga/782
Mpumalanga,Grootvlei,,/to-rent/grootvlei/mpumalanga/118,/for-sale/grootvlei/mpumalanga/118
Mpumalanga,Hazyview,,/to-rent/hazyview/mpumalanga/65,/for-sale/hazyview/mpumalanga/65
Mpumalanga,Hectorspruit,,/to-rent/hectorspruit/mpumalanga/71,/for-sale/hectorspruit/mpumalanga/71
Mpumalanga,Hendrina,,/to-rent/hendrina/mpumalanga/48,/for-sale/hendrina/mpumalanga/48
Mpumalanga,Kaapsche Hoop,,/to-rent/kaapsche-hoop/mpumalanga/705,/for-sale/kaapsche-hoop/mpumalanga/705
Mpumalanga,Komatipoort,,/to-rent/komatipoort/mpumalanga/72,/for-sale/komatipoort/mpumalanga/72
Mpumalanga,Kriel,,/to-rent/kriel/mpumalanga/111,/for-sale/kriel/mpumalanga/111
Mpumalanga,Kwaggafontein,,/to-rent/kwaggafontein/mpumalanga/2517,/for-sale/kwaggafontein/mpumalanga/2517
Mpumalanga,Kwamhlanga,,/to-rent/kwamhlanga/mpumalanga/2165,/for-sale/kwamhlanga/mpumalanga/2165
Mpumalanga,Leandra,,/to-rent/leandra/mpumalanga/2399,/for-sale/leandra/mpumalanga/2399
Mpumalanga,Lydenburg,,/to-rent/lydenburg/mpumalanga/53,/for-sale/lydenburg/mpumalanga/53
Mpumalanga,Machadodorp,,/to-rent/machadodorp/mpumalanga/56,/for-sale/machadodorp/mpumalanga/56
Mpumalanga,Malelane,,/to-rent/malelane/mpumalanga/69,/for-sale/malelane/mpumalanga/69
Mpumalanga,Marloth Park,,/to-rent/marloth-park/mpumalanga/70,/for-sale/marloth-park/mpumalanga/70
Mpumalanga,Middelburg,,/to-rent/middelburg/mpumalanga/45,/for-sale/middelburg/mpumalanga/45
Mpumalanga,Morgenzon,,/to-rent/morgenzon/mpumalanga/847,/for-sale/morgenzon/mpumalanga/847
Mpumalanga,Nelspruit,,/to-rent/nelspruit/mpumalanga/60,/for-sale/nelspruit/mpumalanga/60
Mpumalanga,Nsikazi,,/to-rent/nsikazi/mpumalanga/2520,/for-sale/nsikazi/mpumalanga/2520
Mpumalanga,Ogies,,/to-rent/ogies/mpumalanga/177,/for-sale/ogies/mpumalanga/177
Mpumalanga,Piet Retief,,/to-rent/piet-retief/mpumalanga/115,/for-sale/piet-retief/mpumalanga/115
Mpumalanga,Pullens Hope,,/to-rent/pullens-hope/mpumalanga/49,/for-sale/pullens-hope/mpumalanga/49
Mpumalanga,Rietkuil,,/to-rent/rietkuil/mpumalanga/50,/for-sale/rietkuil/mpumalanga/50
Mpumalanga,Sabie,,/to-rent/sabie/mpumalanga/66,/for-sale/sabie/mpumalanga/66
Mpumalanga,Secunda,,/to-rent/secunda/mpumalanga/110,/for-sale/secunda/mpumalanga/110
Mpumalanga,Siyabuswa,,/to-rent/siyabuswa/mpumalanga/2518,/for-sale/siyabuswa/mpumalanga/2518
Mpumalanga,Standerton,,/to-rent/standerton/mpumalanga/119,/for-sale/standerton/mpumalanga/119
Mpumalanga,Tonga,,/to-rent/tonga/mpumalanga/2521,/for-sale/tonga/mpumalanga/2521
Mpumalanga,Volksrust,,/to-rent/volksrust/mpumalanga/121,/for-sale/volksrust/mpumalanga/121
Mpumalanga,Wakkerstroom,,/to-rent/wakkerstroom/mpumalanga/122,/for-sale/wakkerstroom/mpumalanga/122
Mpumalanga,Waterval Boven,,/to-rent/waterval-boven/mpumalanga/59,/for-sale/waterval-boven/mpumalanga/59
Mpumalanga,White River,,/to-rent/white-river/mpumalanga/64,/for-sale/white-river/mpumalanga/64
Mpumalanga,Witbank,,/to-rent/witbank/mpumalanga/44,/for-sale/witbank/mpumalanga/44
North West,Atamelang,,/to-rent/atamelang/north-west/213,/for-sale/atamelang/north-west/213
North West,Bloemhof,,/to-rent/bloemhof/north-west/208,/for-sale/bloemhof/north-west/208
North West,Brits,,/to-rent/brits/north-west/80,/for-sale/brits/north-west/80
North West,Christiana,,/to-rent/christiana/north-west/209,/for-sale/christiana/north-west/209
North West,Coligny,,/to-rent/coligny/north-west/211,/for-sale/coligny/north-west/211
North West,Delareyville,,/to-rent/delareyville/north-west/129,/for-sale/delareyville/north-west/129
North West,Ganyesa,,/to-rent/ganyesa/north-west/853,/for-sale/ganyesa/north-west/853
North West,Groot Marico,,/to-rent/groot-marico/north-west/134,/for-sale/groot-marico/north-west/134
North West,Hartbeesfontein,,/to-rent/hartbeesfontein/north-west/81,/for-sale/hartbeesfontein/north-west/81
North West,Hartbeespoort,,/to-rent/hartbeespoort/north-west/79,/for-sale/hartbeespoort/north-west/79
North West,Itsoseng,,/to-rent/itsoseng/north-west/2539,/for-sale/itsoseng/north-west/2539
North West,Klerksdorp,,/to-rent/klerksdorp/north-west/128,/for-sale/klerksdorp/north-west/128
North West,Koster,,/to-rent/koster/north-west/86,/for-sale/koster/north-west/86
North West,Leeudoringstad,,/to-rent/leeudoringstad/north-west/206,/for-sale/leeudoringstad/north-west/206
North West,Lichtenburg,,/to-rent/lichtenburg/north-west/212,/for-sale/lichtenburg/north-west/212
North West,Mafikeng,,/to-rent/mafikeng/north-west/133,/for-sale/mafikeng/north-west/133
North West,Makwassie,,/to-rent/makwassie/north-west/207,/for-sale/makwassie/north-west/207
North West,Mankwe,,/to-rent/mankwe/north-west/2524,/for-sale/mankwe/north-west/2524
North West,Mogwase,,/to-rent/mogwase/north-west/1813,/for-sale/mogwase/north-west/1813
North West,Mooinooi,,/to-rent/mooinooi/north-west/763,/for-sale/mooinooi/north-west/763
North West,Orkney,,/to-rent/orkney/north-west/204,/for-sale/orkney/north-west/204
North West,Ottosdal,,/to-rent/ottosdal/north-west/203,/for-sale/ottosdal/north-west/203
North West,Potchefstroom,,/to-rent/potchefstroom/north-west/125,/for-sale/potchefstroom/north-west/125
North West,Reivilo,,/to-rent/reivilo/north-west/518,/for-sale/reivilo/north-west/518
North West,Rustenburg,,/to-rent/rustenburg/north-west/82,/for-sale/rustenburg/north-west/82
North West,Schweizer Reneke,,/to-rent/schweizer-reneke/north-west/130,/for-sale/schweizer-reneke/north-west/130
North West,Stella,,/to-rent/stella/north-west/520,/for-sale/stella/north-west/520
North West,Stilfontein,,/to-rent/stilfontein/north-west/127,/for-sale/stilfontein/north-west/127
North West,Swartruggens,,/to-rent/swartruggens/north-west/132,/for-sale/swartruggens/north-west/132
North West,Taung,,/to-rent/taung/north-west/2158,/for-sale/taung/north-west/2158
North West,Ventersdorp,,/to-rent/ventersdorp/north-west/210,/for-sale/ventersdorp/north-west/210
North West,Vryburg,,/to-rent/vryburg/north-west/756,/for-sale/vryburg/north-west/756
North West,Wolmaransstad,,/to-rent/wolmaransstad/north-west/205,/for-sale/wolmaransstad/north-west/205
North West,Zeerust,,/to-rent/zeerust/north-west/135,/for-sale/zeerust/north-west/135
Northern Cape,Askham,,/to-rent/askham/northern-cape/531,/for-sale/askham/northern-cape/531
Northern Cape,Barkly West,,/to-rent/barkly-west/northern-cape/506,/for-sale/barkly-west/northern-cape/506
Northern Cape,Brandvlei,,/to-rent/brandvlei/northern-cape/540,/for-sale/brandvlei/northern-cape/540
Northern Cape,Britstown,,/to-rent/britstown/northern-cape/528,/for-sale/britstown/northern-cape/528
Northern Cape,Calvinia,,/to-rent/calvinia/northern-cape/489,/for-sale/calvinia/northern-cape/489
Northern Cape,Carnarvon,,/to-rent/carnarvon/northern-cape/473,/for-sale/carnarvon/northern-cape/473
Northern Cape,Colesberg,,/to-rent/colesberg/northern-cape/269,/for-sale/colesberg/northern-cape/269
Northern Cape,Danielskuil,,/to-rent/danielskuil/northern-cape/508,/for-sale/danielskuil/northern-cape/508
Northern Cape,De Aar,,/to-rent/de-aar/northern-cape/472,/for-sale/de-aar/northern-cape/472
Northern Cape,Douglas,,/to-rent/douglas/northern-cape/523,/for-sale/douglas/northern-cape/523
Northern Cape,Fraserburg,,/to-rent/fraserburg/northern-cape/469,/for-sale/fraserburg/northern-cape/469
Northern Cape,Garies,,/to-rent/garies/northern-cape/491,/for-sale/garies/northern-cape/491
Northern Cape,Griekwastad,,/to-rent/griekwastad/northern-cape/505,/for-sale/griekwastad/northern-cape/505
Northern Cape,Groblershoop,,/to-rent/groblershoop/northern-cape/534,/for-sale/groblershoop/northern-cape/534
Northern Cape,Hanover,,/to-rent/hanover/northern-cape/645,/for-sale/hanover/northern-cape/645
Northern Cape,Hartswater,,/to-rent/hartswater/northern-cape/516,/for-sale/hartswater/northern-cape/516
Northern Cape,Hondeklip Bay,,/to-rent/hondeklip-bay/northern-cape/492,/for-sale/hondeklip-bay/northern-cape/492
Northern Cape,Hopetown,,/to-rent/hopetown/northern-cape/524,/for-sale/hopetown/northern-cape/524
Northern Cape,Hotazel,,/to-rent/hotazel/northern-cape/2533,/for-sale/hotazel/northern-cape/2533
Northern Cape,Jan Kempdorp,,/to-rent/jan-kempdorp/northern-cape/515,/for-sale/jan-kempdorp/northern-cape/515
Northern Cape,Kakamas,,/to-rent/kakamas/northern-cape/537,/for-sale/kakamas/northern-cape/537
Northern Cape,Kathu,,/to-rent/kathu/northern-cape/510,/for-sale/kathu/northern-cape/510
Northern Cape,Keimoes,,/to-rent/keimoes/northern-cape/535,/for-sale/keimoes/northern-cape/535
Northern Cape,Kenhardt,,/to-rent/kenhardt/northern-cape/668,/for-sale/kenhardt/northern-cape/668
Northern Cape,Kimberley,,/to-rent/kimberley/northern-cape/715,/for-sale/kimberley/northern-cape/715
Northern Cape,Kleinsee,,/to-rent/kleinsee/northern-cape/501,/for-sale/kleinsee/northern-cape/501
Northern Cape,Koingnaas,,/to-rent/koingnaas/northern-cape/2478,/for-sale/koingnaas/northern-cape/2478
Northern Cape,Kuruman,,/to-rent/kuruman/northern-cape/507,/for-sale/kuruman/northern-cape/507
Northern Cape,Loeriesfontein,,/to-rent/loeriesfontein/northern-cape/755,/for-sale/loeriesfontein/northern-cape/755
Northern Cape,Loxton,,/to-rent/loxton/northern-cape/470,/for-sale/loxton/northern-cape/470
Northern Cape,Marydale,,/to-rent/marydale/northern-cape/539,/for-sale/marydale/northern-cape/539
Northern Cape,Nieuwoudtville,,/to-rent/nieuwoudtville/northern-cape/488,/for-sale/nieuwoudtville/northern-cape/488
Northern Cape,Noupoort,,/to-rent/noupoort/northern-cape/268,/for-sale/noupoort/northern-cape/268
Northern Cape,Olifantshoek,,/to-rent/olifantshoek/northern-cape/511,/for-sale/olifantshoek/northern-cape/511
Northern Cape,Orania,,/to-rent/orania/northern-cape/2358,/for-sale/orania/northern-cape/2358
Northern Cape,Philipstown,,/to-rent/philipstown/northern-cape/529,/for-sale/philipstown/northern-cape/529
Northern Cape,Pofadder,,/to-rent/pofadder/northern-cape/538,/for-sale/pofadder/northern-cape/538
Northern Cape,Port Nolloth,,/to-rent/port-nolloth/northern-cape/500,/for-sale/port-nolloth/northern-cape/500
Northern Cape,Postmasburg,,/to-rent/postmasburg/northern-cape/509,/for-sale/postmasburg/northern-cape/509
Northern Cape,Prieska,,/to-rent/prieska/northern-cape/541,/for-sale/prieska/northern-cape/541
Northern Cape,Richmond,,/to-rent/richmond/northern-cape/758,/for-sale/richmond/northern-cape/758
Northern Cape,Ritchie,,/to-rent/ritchie/northern-cape/521,/for-sale/ritchie/northern-cape/521
Northern Cape,Springbok,,/to-rent/springbok/northern-cape/495,/for-sale/springbok/northern-cape/495
Northern Cape,Strydenburg,,/to-rent/strydenburg/northern-cape/525,/for-sale/strydenburg/northern-cape/525
Northern Cape,Sutherland,,/to-rent/sutherland/northern-cape/466,/for-sale/sutherland/northern-cape/466
Northern Cape,Upington,,/to-rent/upington/northern-cape/530,/for-sale/upington/northern-cape/530
Northern Cape,Victoria West,,/to-rent/victoria-west/northern-cape/474,/for-sale/victoria-west/northern-cape/474
Northern Cape,Vioolsdrif,,/to-rent/vioolsdrif/northern-cape/497,/for-sale/vioolsdrif/northern-cape/497
Northern Cape,Vosburg,,/to-rent/vosburg/northern-cape/749,/for-sale/vosburg/northern-cape/749
Northern Cape,Warrenton,,/to-rent/warrenton/northern-cape/514,/for-sale/warrenton/northern-cape/514
Northern Cape,Williston,,/to-rent/williston/northern-cape/542,/for-sale/williston/northern-cape/542
Western Cape,Agulhas,,/to-rent/agulhas/western-cape/653,/for-sale/agulhas/western-cape/653
Western Cape,Albertinia,,/to-rent/albertinia/western-cape/334,/for-sale/albertinia/western-cape/334
Western Cape,Arniston,,/to-rent/arniston/western-cape/409,/for-sale/arniston/western-cape/409
Western Cape,Ashton,,/to-rent/ashton/western-cape/338,/for-sale/ashton/western-cape/338
Western Cape,Atlantis,,/to-rent/atlantis/western-cape/424,/for-sale/atlantis/western-cape/424
Western Cape,Aurora,,/to-rent/aurora/western-cape/421,/for-sale/aurora/western-cape/421
Western Cape,Baardskeerdersbos,,/to-rent/baardskeerdersbos/western-cape/407,/for-sale/baardskeerdersbos/western-cape/407
Western Cape,Barrydale,,/to-rent/barrydale/western-cape/342,/for-sale/barrydale/western-cape/342
Western Cape,Beaufort West,,/to-rent/beaufort-west/western-cape/468,/for-sale/beaufort-west/western-cape/468
Western Cape,Bellville,,/to-rent/bellville/western-cape/441,/for-sale/bellville/western-cape/441
Western Cape,Bettys Bay,,/to-rent/bettys-bay/western-cape/394,/for-sale/bettys-bay/western-cape/394
Western Cape,Bitterfontein,,/to-rent/bitterfontein/western-cape/490,/for-sale/bitterfontein/western-cape/490
Western Cape,Blackheath,,/to-rent/blackheath/western-cape/456,/for-sale/blackheath/western-cape/456
Western Cape,Blouberg,,/to-rent/blouberg/western-cape/658,/for-sale/blouberg/western-cape/658
Western Cape,Blue Downs,,/to-rent/blue-downs/western-cape/457,/for-sale/blue-downs/western-cape/457
Western Cape,Bonnievale,,/to-rent/bonnievale/western-cape/340,/for-sale/bonnievale/western-cape/340
Western Cape,Bot River,,/to-rent/bot-river/western-cape/693,/for-sale/bot-river/western-cape/693
Western Cape,Brackenfell,,/to-rent/brackenfell/western-cape/454,/for-sale/brackenfell/western-cape/454
Western Cape,Bredasdorp,,/to-rent/bredasdorp/western-cape/408,/for-sale/bredasdorp/western-cape/408
Western Cape,Caledon,,/to-rent/caledon/western-cape/397,/for-sale/caledon/western-cape/397
Western Cape,Calitzdorp,,/to-rent/calitzdorp/western-cape/329,/for-sale/calitzdorp/western-cape/329
Western Cape,Cape Town,,/to-rent/cape-town/western-cape/432,/for-sale/cape-town/western-cape/432
Western Cape,Cape Town,Adriaanse,/to-rent/adriaanse/cape-town/western-cape/8128,/for-sale/adriaanse/cape-town/western-cape/8128
Western Cape,Cape Town,Airport Industria,/to-rent/airport-industria/cape-town/western-cape/11637,/for-sale/airport-industria/cape-town/western-cape/11637
Western Cape,Cape Town,Athlone,/to-rent/athlone/cape-town/western-cape/8734,/for-sale/athlone/cape-town/western-cape/8734
Western Cape,Cape Town,Athlone Industrial,/to-rent/athlone-industrial/cape-town/western-cape/8735,/for-sale/athlone-industrial/cape-town/western-cape/8735
Western Cape,Cape Town,Bakoven,/to-rent/bakoven/cape-town/western-cape/11012,/for-sale/bakoven/cape-town/western-cape/11012
Western Cape,Cape Town,Bantry Bay,/to-rent/bantry-bay/cape-town/western-cape/11013,/for-sale/bantry-bay/cape-town/western-cape/11013
Western Cape,Cape Town,Belgravia,/to-rent/belgravia/cape-town/western-cape/8736,/for-sale/belgravia/cape-town/western-cape/8736
Western Cape,Cape Town,Belhar,/to-rent/belhar/cape-town/western-cape/8132,/for-sale/belhar/cape-town/western-cape/8132
Western Cape,Cape Town,Belthorn Estate,/to-rent/belthorn-estate/cape-town/western-cape/8783,/for-sale/belthorn-estate/cape-town/western-cape/8783
Western Cape,Cape Town,Bergvliet,/to-rent/bergvliet/cape-town/western-cape/10189,/for-sale/bergvliet/cape-town/western-cape/10189
Western Cape,Cape Town,Bishop Lavis,/to-rent/bishop-lavis/cape-town/western-cape/8121,/for-sale/bishop-lavis/cape-town/western-cape/8121
Western Cape,Cape Town,Bishopscourt,/to-rent/bishopscourt/cape-town/western-cape/8661,/for-sale/bishopscourt/cape-town/western-cape/8661
Western Cape,Cape Town,Bo Kaap,/to-rent/bo-kaap/cape-town/western-cape/9136,/for-sale/bo-kaap/cape-town/western-cape/9136
Western Cape,Cape Town,Bonteheuwel,/to-rent/bonteheuwel/cape-town/western-cape/8739,/for-sale/bonteheuwel/cape-town/western-cape/8739
Western Cape,Cape Town,Bridgetown,/to-rent/bridgetown/cape-town/western-cape/8723,/for-sale/bridgetown/cape-town/western-cape/8723
Western Cape,Cape Town,Camps Bay,/to-rent/camps-bay/cape-town/western-cape/11014,/for-sale/camps-bay/cape-town/western-cape/11014
Western Cape,Cape Town,Cape Farms,/to-rent/cape-farms/cape-town/western-cape/12693,/for-sale/cape-farms/cape-town/western-cape/12693
Western Cape,Cape Town,Cape Town City Centre,/to-rent/cape-town-city-centre/cape-town/western-cape/9138,/for-sale/cape-town-city-centre/cape-town/western-cape/9138
Western Cape,Cape Town,Charlesville,/to-rent/charlesville/cape-town/western-cape/8155,/for-sale/charlesville/cape-town/western-cape/8155
Western Cape,Cape Town,Claremont,/to-rent/claremont/cape-town/western-cape/11741,/for-sale/claremont/cape-town/western-cape/11741
Western Cape,Cape Town,Claremont Upper,/to-rent/claremont-upper/cape-town/western-cape/14225,/for-sale/claremont-upper/cape-town/western-cape/14225
Western Cape,Cape Town,Clarkes Estate,/to-rent/clarkes-estate/cape-town/western-cape/8133,/for-sale/clarkes-estate/cape-town/western-cape/8133
Western Cape,Cape Town,Clifton,/to-rent/clifton/cape-town/western-cape/11015,/for-sale/clifton/cape-town/western-cape/11015
Western Cape,Cape Town,Constantia,/to-rent/constantia/cape-town/western-cape/11742,/for-sale/constantia/cape-town/western-cape/11742
Western Cape,Cape Town,Crawford,/to-rent/crawford/cape-town/western-cape/8787,/for-sale/crawford/cape-town/western-cape/8787
Western Cape,Cape Town,Crossroads,/to-rent/crossroads/cape-town/western-cape/8741,/for-sale/crossroads/cape-town/western-cape/8741
Western Cape,Cape Town,De Waterkant,/to-rent/de-waterkant/cape-town/western-cape/9141,/for-sale/de-waterkant/cape-town/western-cape/9141
Western Cape,Cape Town,Devils Peak Estate,/to-rent/devils-peak-estate/cape-town/western-cape/16541,/for-sale/devils-peak-estate/cape-town/western-cape/16541
Western Cape,Cape Town,Diep River,/to-rent/diep-river/cape-town/western-cape/10195,/for-sale/diep-river/cape-town/western-cape/10195
Western Cape,Cape Town,Elfindale,/to-rent/elfindale/cape-town/western-cape/10170,/for-sale/elfindale/cape-town/western-cape/10170
Western Cape,Cape Town,Epping Industrial,/to-rent/epping-industrial/cape-town/western-cape/8098,/for-sale/epping-industrial/cape-town/western-cape/8098
Western Cape,Cape Town,Fisantekraal,/to-rent/fisantekraal/cape-town/western-cape/9529,/for-sale/fisantekraal/cape-town/western-cape/9529
Western Cape,Cape Town,Foreshore,/to-rent/foreshore/cape-town/western-cape/9143,/for-sale/foreshore/cape-town/western-cape/9143
Western Cape,Cape Town,Fresnaye,/to-rent/fresnaye/cape-town/western-cape/11016,/for-sale/fresnaye/cape-town/western-cape/11016
Western Cape,Cape Town,Frogmore Estate,/to-rent/frogmore-estate/cape-town/western-cape/10203,/for-sale/frogmore-estate/cape-town/western-cape/10203
Western Cape,Cape Town,Gardens,/to-rent/gardens/cape-town/western-cape/9145,/for-sale/gardens/cape-town/western-cape/9145
Western Cape,Cape Town,Gatesville,/to-rent/gatesville/cape-town/western-cape/8746,/for-sale/gatesville/cape-town/western-cape/8746
Western Cape,Cape Town,Grassy Park,/to-rent/grassy-park/cape-town/western-cape/10204,/for-sale/grassy-park/cape-town/western-cape/10204
Western Cape,Cape Town,Green Point,/to-rent/green-point/cape-town/western-cape/11017,/for-sale/green-point/cape-town/western-cape/11017
Western Cape,Cape Town,Guguletu,/to-rent/guguletu/cape-town/western-cape/8696,/for-sale/guguletu/cape-town/western-cape/8696
Western Cape,Cape Town,Hanover Park,/to-rent/hanover-park/cape-town/western-cape/8790,/for-sale/hanover-park/cape-town/western-cape/8790
Western Cape,Cape Town,Hatton,/to-rent/hatton/cape-town/western-cape/16261,/for-sale/hatton/cape-town/western-cape/16261
Western Cape,Cape Town,Hazendal,/to-rent/hazendal/cape-town/western-cape/8717,/for-sale/hazendal/cape-town/western-cape/8717
Western Cape,Cape Town,Heathfield,/to-rent/heathfield/cape-town/western-cape/10207,/for-sale/heathfield/cape-town/western-cape/10207
Western Cape,Cape Town,Heideveld,/to-rent/heideveld/cape-town/western-cape/8726,/for-sale/heideveld/cape-town/western-cape/8726
Western Cape,Cape Town,Higgovale,/to-rent/higgovale/cape-town/western-cape/9149,/for-sale/higgovale/cape-town/western-cape/9149
Western Cape,Cape Town,Kalk Bay,/to-rent/kalk-bay/cape-town/western-cape/9067,/for-sale/kalk-bay/cape-town/western-cape/9067
Western Cape,Cape Town,Kalksteenfontein,/to-rent/kalksteenfontein/cape-town/western-cape/8753,/for-sale/kalksteenfontein/cape-town/western-cape/8753
Western Cape,Cape Town,Kenilworth,/to-rent/kenilworth/cape-town/western-cape/8669,/for-sale/kenilworth/cape-town/western-cape/8669
Western Cape,Cape Town,Kenilworth Upper,/to-rent/kenilworth-upper/cape-town/western-cape/14224,/for-sale/kenilworth-upper/cape-town/western-cape/14224
Western Cape,Cape Town,Kensington,/to-rent/kensington/cape-town/western-cape/8010,/for-sale/kensington/cape-town/western-cape/8010
Western Cape,Cape Town,Kenwyn,/to-rent/kenwyn/cape-town/western-cape/8792,/for-sale/kenwyn/cape-town/western-cape/8792
Western Cape,Cape Town,Kewtown,/to-rent/kewtown/cape-town/western-cape/8754,/for-sale/kewtown/cape-town/western-cape/8754
Western Cape,Cape Town,Kirstenhof,/to-rent/kirstenhof/cape-town/western-cape/10178,/for-sale/kirstenhof/cape-town/western-cape/10178
Western Cape,Cape Town,Lakeside,/to-rent/lakeside/cape-town/western-cape/10174,/for-sale/lakeside/cape-town/western-cape/10174
Western Cape,Cape Town,Langa,/to-rent/langa/cape-town/western-cape/9117,/for-sale/langa/cape-town/western-cape/9117
Western Cape,Cape Town,Lansdowne,/to-rent/lansdowne/cape-town/western-cape/8778,/for-sale/lansdowne/cape-town/western-cape/8778
Western Cape,Cape Town,Lavender Hill,/to-rent/lavender-hill/cape-town/western-cape/10211,/for-sale/lavender-hill/cape-town/western-cape/10211
Western Cape,Cape Town,Llandudno,/to-rent/llandudno/cape-town/western-cape/9118,/for-sale/llandudno/cape-town/western-cape/9118
Western Cape,Cape Town,Lotus River,/to-rent/lotus-river/cape-town/western-cape/10212,/for-sale/lotus-river/cape-town/western-cape/10212
Western Cape,Cape Town,Maitland,/to-rent/maitland/cape-town/western-cape/9153,/for-sale/maitland/cape-town/western-cape/9153
Western Cape,Cape Town,Maitland Garden Village,/to-rent/maitland-garden-village/cape-town/western-cape/9119,/for-sale/maitland-garden-village/cape-town/western-cape/9119
Western Cape,Cape Town,Manenberg,/to-rent/manenberg/cape-town/western-cape/8718,/for-sale/manenberg/cape-town/western-cape/8718
Western Cape,Cape Town,Marina Da Gama,/to-rent/marina-da-gama/cape-town/western-cape/10213,/for-sale/marina-da-gama/cape-town/western-cape/10213
Western Cape,Cape Town,Matroosfontein,/to-rent/matroosfontein/cape-town/western-cape/8154,/for-sale/matroosfontein/cape-town/western-cape/8154
Western Cape,Cape Town,Meadowridge,/to-rent/meadowridge/cape-town/western-cape/10052,/for-sale/meadowridge/cape-town/western-cape/10052
Western Cape,Cape Town,Montana,/to-rent/montana/cape-town/western-cape/8165,/for-sale/montana/cape-town/western-cape/8165
Western Cape,Cape Town,Montevideo,/to-rent/montevideo/cape-town/western-cape/8157,/for-sale/montevideo/cape-town/western-cape/8157
Western Cape,Cape Town,Morning Star,/to-rent/morning-star/cape-town/western-cape/7906,/for-sale/morning-star/cape-town/western-cape/7906
Western Cape,Cape Town,Mouille Point,/to-rent/mouille-point/cape-town/western-cape/11018,/for-sale/mouille-point/cape-town/western-cape/11018
Western Cape,Cape Town,Mountview,/to-rent/mountview/cape-town/western-cape/8716,/for-sale/mountview/cape-town/western-cape/8716
Western Cape,Cape Town,Mowbray,/to-rent/mowbray/cape-town/western-cape/8677,/for-sale/mowbray/cape-town/western-cape/8677
Western Cape,Cape Town,Muizenberg,/to-rent/muizenberg/cape-town/western-cape/9025,/for-sale/muizenberg/cape-town/western-cape/9025
Western Cape,Cape Town,Newfields,/to-rent/newfields/cape-town/western-cape/8727,/for-sale/newfields/cape-town/western-cape/8727
Western Cape,Cape Town,Newlands,/to-rent/newlands/cape-town/western-cape/8679,/for-sale/newlands/cape-town/western-cape/8679
Western Cape,Cape Town,Nooitgedacht,/to-rent/nooitgedacht/cape-town/western-cape/8123,/for-sale/nooitgedacht/cape-town/western-cape/8123
Western Cape,Cape Town,Nyanga,/to-rent/nyanga/cape-town/western-cape/9132,/for-sale/nyanga/cape-town/western-cape/9132
Western Cape,Cape Town,Observatory,/to-rent/observatory/cape-town/western-cape/10157,/for-sale/observatory/cape-town/western-cape/10157
Western Cape,Cape Town,Ocean View,/to-rent/ocean-view/cape-town/western-cape/9069,/for-sale/ocean-view/cape-town/western-cape/9069
Western Cape,Cape Town,Oranjezicht,/to-rent/oranjezicht/cape-town/western-cape/9155,/for-sale/oranjezicht/cape-town/western-cape/9155
Western Cape,Cape Town,Ottery,/to-rent/ottery/cape-town/western-cape/10090,/for-sale/ottery/cape-town/western-cape/10090
Western Cape,Cape Town,Paarden Eiland,/to-rent/paarden-eiland/cape-town/western-cape/8025,/for-sale/paarden-eiland/cape-town/western-cape/8025
Western Cape,Cape Town,Parkwood,/to-rent/parkwood/cape-town/western-cape/10179,/for-sale/parkwood/cape-town/western-cape/10179
Western Cape,Cape Town,Pelican Heights,/to-rent/pelican-heights/cape-town/western-cape/12195,/for-sale/pelican-heights/cape-town/western-cape/12195
Western Cape,Cape Town,Pelican Park,/to-rent/pelican-park/cape-town/western-cape/9029,/for-sale/pelican-park/cape-town/western-cape/9029
Western Cape,Cape Town,Penlyn Estate,/to-rent/penlyn-estate/cape-town/western-cape/8800,/for-sale/penlyn-estate/cape-town/western-cape/8800
Western Cape,Cape Town,Philadelphia,/to-rent/philadelphia/cape-town/western-cape/9168,/for-sale/philadelphia/cape-town/western-cape/9168
Western Cape,Cape Town,Philippi,/to-rent/philippi/cape-town/western-cape/8818,/for-sale/philippi/cape-town/western-cape/8818
Western Cape,Cape Town,Pinati,/to-rent/pinati/cape-town/western-cape/8779,/for-sale/pinati/cape-town/western-cape/8779
Western Cape,Cape Town,Pinelands,/to-rent/pinelands/cape-town/western-cape/8017,/for-sale/pinelands/cape-town/western-cape/8017
Western Cape,Cape Town,Plumstead,/to-rent/plumstead/cape-town/western-cape/10094,/for-sale/plumstead/cape-town/western-cape/10094
Western Cape,Cape Town,Primrose Park,/to-rent/primrose-park/cape-town/western-cape/8758,/for-sale/primrose-park/cape-town/western-cape/8758
Western Cape,Cape Town,Retreat,/to-rent/retreat/cape-town/western-cape/9034,/for-sale/retreat/cape-town/western-cape/9034
Western Cape,Cape Town,Riverlands,/to-rent/riverlands/cape-town/western-cape/33651,/for-sale/riverlands/cape-town/western-cape/33651
Western Cape,Cape Town,Rondebosch,/to-rent/rondebosch/cape-town/western-cape/8682,/for-sale/rondebosch/cape-town/western-cape/8682
Western Cape,Cape Town,Rondebosch East,/to-rent/rondebosch-east/cape-town/western-cape/8806,/for-sale/rondebosch-east/cape-town/western-cape/8806
Western Cape,Cape Town,Rosebank,/to-rent/rosebank/cape-town/western-cape/8683,/for-sale/rosebank/cape-town/western-cape/8683
Western Cape,Cape Town,Rylands,/to-rent/rylands/cape-town/western-cape/8730,/for-sale/rylands/cape-town/western-cape/8730
Western Cape,Cape Town,Salt River,/to-rent/salt-river/cape-town/western-cape/10158,/for-sale/salt-river/cape-town/western-cape/10158
Western Cape,Cape Town,Sand Industria,/to-rent/sand-industria/cape-town/western-cape/16183,/for-sale/sand-industria/cape-town/western-cape/16183
Western Cape,Cape Town,Sea Point,/to-rent/sea-point/cape-town/western-cape/11021,/for-sale/sea-point/cape-town/western-cape/11021
Western Cape,Cape Town,Seawinds,/to-rent/seawinds/cape-town/western-cape/10180,/for-sale/seawinds/cape-town/western-cape/10180
Western Cape,Cape Town,Silvertown,/to-rent/silvertown/cape-town/western-cape/8731,/for-sale/silvertown/cape-town/western-cape/8731
Western Cape,Cape Town,Southfield,/to-rent/southfield/cape-town/western-cape/10096,/for-sale/southfield/cape-town/western-cape/10096
Western Cape,Cape Town,St James,/to-rent/st-james/cape-town/western-cape/9039,/for-sale/st-james/cape-town/western-cape/9039
Western Cape,Cape Town,Steenberg,/to-rent/steenberg/cape-town/western-cape/9040,/for-sale/steenberg/cape-town/western-cape/9040
Western Cape,Cape Town,Surrey Estate,/to-rent/surrey-estate/cape-town/western-cape/8762,/for-sale/surrey-estate/cape-town/western-cape/8762
Western Cape,Cape Town,Sybrand Park,/to-rent/sybrand-park/cape-town/western-cape/8686,/for-sale/sybrand-park/cape-town/western-cape/8686
Western Cape,Cape Town,Tamboerskloof,/to-rent/tamboerskloof/cape-town/western-cape/9163,/for-sale/tamboerskloof/cape-town/western-cape/9163
Western Cape,Cape Town,Thornton,/to-rent/thornton/cape-town/western-cape/8112,/for-sale/thornton/cape-town/western-cape/8112
Western Cape,Cape Town,Three Anchor Bay,/to-rent/three-anchor-bay/cape-town/western-cape/11022,/for-sale/three-anchor-bay/cape-town/western-cape/11022
Western Cape,Cape Town,Tokai,/to-rent/tokai/cape-town/western-cape/9044,/for-sale/tokai/cape-town/western-cape/9044
Western Cape,Cape Town,University Estate,/to-rent/university-estate/cape-town/western-cape/10161,/for-sale/university-estate/cape-town/western-cape/10161
Western Cape,Cape Town,Valhalla Park,/to-rent/valhalla-park/cape-town/western-cape/8127,/for-sale/valhalla-park/cape-town/western-cape/8127
Western Cape,Cape Town,Vanguard,/to-rent/vanguard/cape-town/western-cape/8766,/for-sale/vanguard/cape-town/western-cape/8766
Western Cape,Cape Town,Vredehoek,/to-rent/vredehoek/cape-town/western-cape/9166,/for-sale/vredehoek/cape-town/western-cape/9166
Western Cape,Cape Town,Vrygrond,/to-rent/vrygrond/cape-town/western-cape/16635,/for-sale/vrygrond/cape-town/western-cape/16635
Western Cape,Cape Town,Walmer Estate,/to-rent/walmer-estate/cape-town/western-cape/10163,/for-sale/walmer-estate/cape-town/western-cape/10163
Western Cape,Cape Town,Waterfront,/to-rent/waterfront/cape-town/western-cape/9169,/for-sale/waterfront/cape-town/western-cape/9169
Western Cape,Cape Town,Welcome,/to-rent/welcome/cape-town/western-cape/8771,/for-sale/welcome/cape-town/western-cape/8771
Western Cape,Cape Town,Westlake,/to-rent/westlake/cape-town/western-cape/11740,/for-sale/westlake/cape-town/western-cape/11740
Western Cape,Cape Town,Wetton,/to-rent/wetton/cape-town/western-cape/8812,/for-sale/wetton/cape-town/western-cape/8812
Western Cape,Cape Town,Windermere,/to-rent/windermere/cape-town/western-cape/8019,/for-sale/windermere/cape-town/western-cape/8019
Western Cape,Cape Town,Woodstock,/to-rent/woodstock/cape-town/western-cape/10164,/for-sale/woodstock/cape-town/western-cape/10164
Western Cape,Cape Town,World View,/to-rent/world-view/cape-town/western-cape/16875,/for-sale/world-view/cape-town/western-cape/16875
Western Cape,Cape Town,Wynberg,/to-rent/wynberg/cape-town/western-cape/10109,/for-sale/wynberg/cape-town/western-cape/10109
Western Cape,Cape Town,Wynberg Upper,/to-rent/wynberg-upper/cape-town/western-cape/10102,/for-sale/wynberg-upper/cape-town/western-cape/10102
Western Cape,Cape Town,Zandvlei,/to-rent/zandvlei/cape-town/western-cape/9036,/for-sale/zandvlei/cape-town/western-cape/9036
Western Cape,Cape Town,Zeekoevlei,/to-rent/zeekoevlei/cape-town/western-cape/9047,/for-sale/zeekoevlei/cape-town/western-cape/9047
Western Cape,Cape Town,Zonnebloem,/to-rent/zonnebloem/cape-town/western-cape/10166,/for-sale/zonnebloem/cape-town/western-cape/10166
Western Cape,Ceres,,/to-rent/ceres/western-cape/348,/for-sale/ceres/western-cape/348
Western Cape,Citrusdal,,/to-rent/citrusdal/western-cape/422,/for-sale/citrusdal/western-cape/422
Western Cape,Clanwilliam,,/to-rent/clanwilliam/western-cape/482,/for-sale/clanwilliam/western-cape/482
Western Cape,Darling,,/to-rent/darling/western-cape/2504,/for-sale/darling/western-cape/2504
Western Cape,De Doorns,,/to-rent/de-doorns/western-cape/464,/for-sale/de-doorns/western-cape/464
Western Cape,Delft,,/to-rent/delft/western-cape/1816,/for-sale/delft/western-cape/1816
Western Cape,Durbanville,,/to-rent/durbanville/western-cape/439,/for-sale/durbanville/western-cape/439
Western Cape,Eersterivier,,/to-rent/eersterivier/western-cape/458,/for-sale/eersterivier/western-cape/458
Western Cape,Elands Bay,,/to-rent/elands-bay/western-cape/647,/for-sale/elands-bay/western-cape/647
Western Cape,Fish Hoek,,/to-rent/fish-hoek/western-cape/475,/for-sale/fish-hoek/western-cape/475
Western Cape,Franschhoek,,/to-rent/franschhoek/western-cape/461,/for-sale/franschhoek/western-cape/461
Western Cape,Gansbaai,,/to-rent/gansbaai/western-cape/403,/for-sale/gansbaai/western-cape/403
Western Cape,George,,/to-rent/george/western-cape/321,/for-sale/george/western-cape/321
Western Cape,Goodwood,,/to-rent/goodwood/western-cape/435,/for-sale/goodwood/western-cape/435
Western Cape,Gordons Bay,,/to-rent/gordons-bay/western-cape/395,/for-sale/gordons-bay/western-cape/395
Western Cape,Gouritsmond,,/to-rent/gouritsmond/western-cape/335,/for-sale/gouritsmond/western-cape/335
Western Cape,Graafwater,,/to-rent/graafwater/western-cape/680,/for-sale/graafwater/western-cape/680
Western Cape,Grabouw,,/to-rent/grabouw/western-cape/396,/for-sale/grabouw/western-cape/396
Western Cape,Groot Brakrivier,,/to-rent/groot-brakrivier/western-cape/816,/for-sale/groot-brakrivier/western-cape/816
Western Cape,Hartenbos,,/to-rent/hartenbos/western-cape/783,/for-sale/hartenbos/western-cape/783
Western Cape,Heidelberg,,/to-rent/heidelberg/western-cape/330,/for-sale/heidelberg/western-cape/330
Western Cape,Hermanus,,/to-rent/hermanus/western-cape/400,/for-sale/hermanus/western-cape/400
Western Cape,Hermon,,/to-rent/hermon/western-cape/2503,/for-sale/hermon/western-cape/2503
Western Cape,Hopefield,,/to-rent/hopefield/western-cape/426,/for-sale/hopefield/western-cape/426
Western Cape,Hout Bay,,/to-rent/hout-bay/western-cape/615,/for-sale/hout-bay/western-cape/615
Western Cape,Jacobsbaai,,/to-rent/jacobsbaai/western-cape/692,/for-sale/jacobsbaai/western-cape/692
Western Cape,Khayelitsha,,/to-rent/khayelitsha/western-cape/316,/for-sale/khayelitsha/western-cape/316
Western Cape,Klawer,,/to-rent/klawer/western-cape/1718,/for-sale/klawer/western-cape/1718
Western Cape,Klein Brak Rivier,,/to-rent/klein-brak-rivier/western-cape/676,/for-sale/klein-brak-rivier/western-cape/676
Western Cape,Kleinmond,,/to-rent/kleinmond/western-cape/398,/for-sale/kleinmond/western-cape/398
Western Cape,Klipheuwel,,/to-rent/klipheuwel/western-cape/418,/for-sale/klipheuwel/western-cape/418
Western Cape,Knysna,,/to-rent/knysna/western-cape/322,/for-sale/knysna/western-cape/322
Western Cape,Kommetjie,,/to-rent/kommetjie/western-cape/478,/for-sale/kommetjie/western-cape/478
Western Cape,Kraaifontein,,/to-rent/kraaifontein/western-cape/455,/for-sale/kraaifontein/western-cape/455
Western Cape,Kuils River,,/to-rent/kuils-river/western-cape/411,/for-sale/kuils-river/western-cape/411
Western Cape,Ladismith,,/to-rent/ladismith/western-cape/328,/for-sale/ladismith/western-cape/328
Western Cape,Laingsburg,,/to-rent/laingsburg/western-cape/327,/for-sale/laingsburg/western-cape/327
Western Cape,Lamberts Bay,,/to-rent/lamberts-bay/western-cape/483,/for-sale/lamberts-bay/western-cape/483
Western Cape,Langebaan,,/to-rent/langebaan/western-cape/427,/for-sale/langebaan/western-cape/427
Western Cape,Lutzville,,/to-rent/lutzville/western-cape/486,/for-sale/lutzville/western-cape/486
Western Cape,Macassar,,/to-rent/macassar/western-cape/1820,/for-sale/macassar/western-cape/1820
Western Cape,Malmesbury,,/to-rent/malmesbury/western-cape/414,/for-sale/malmesbury/western-cape/414
Western Cape,Mcgregor,,/to-rent/mcgregor/western-cape/337,/for-sale/mcgregor/western-cape/337
Western Cape,Melkbosstrand,,/to-rent/melkbosstrand/western-cape/434,/for-sale/melkbosstrand/western-cape/434
Western Cape,Milnerton,,/to-rent/milnerton/western-cape/433,/for-sale/milnerton/western-cape/433
Western Cape,Mitchells Plain,,/to-rent/mitchells-plain/western-cape/463,/for-sale/mitchells-plain/western-cape/463
Western Cape,Montagu,,/to-rent/montagu/western-cape/339,/for-sale/montagu/western-cape/339
Western Cape,Moorreesburg,,/to-rent/moorreesburg/western-cape/419,/for-sale/moorreesburg/western-cape/419
Western Cape,Mossel Bay,,/to-rent/mossel-bay/western-cape/317,/for-sale/mossel-bay/western-cape/317
Western Cape,Murraysburg,,/to-rent/murraysburg/western-cape/471,/for-sale/murraysburg/western-cape/471
Western Cape,Napier,,/to-rent/napier/western-cape/406,/for-sale/napier/western-cape/406
Western Cape,Noordhoek,,/to-rent/noordhoek/western-cape/479,/for-sale/noordhoek/western-cape/479
Western Cape,Oudtshoorn,,/to-rent/oudtshoorn/western-cape/326,/for-sale/oudtshoorn/western-cape/326
Western Cape,Paarl,,/to-rent/paarl/western-cape/344,/for-sale/paarl/western-cape/344
Western Cape,Parow,,/to-rent/parow/western-cape/436,/for-sale/parow/western-cape/436
Western Cape,Paternoster,,/to-rent/paternoster/western-cape/429,/for-sale/paternoster/western-cape/429
Western Cape,Piketberg,,/to-rent/piketberg/western-cape/420,/for-sale/piketberg/western-cape/420
Western Cape,Plettenberg Bay,,/to-rent/plettenberg-bay/western-cape/325,/for-sale/plettenberg-bay/western-cape/325
Western Cape,Porterville,,/to-rent/porterville/western-cape/345,/for-sale/porterville/western-cape/345
Western Cape,Prince Albert,,/to-rent/prince-albert/western-cape/467,/for-sale/prince-albert/western-cape/467
Western Cape,Pringle Bay,,/to-rent/pringle-bay/western-cape/691,/for-sale/pringle-bay/western-cape/691
Western Cape,Redelinghuys,,/to-rent/redelinghuys/western-cape/1817,/for-sale/redelinghuys/western-cape/1817
Western Cape,Riebeek Valley,,/to-rent/riebeek-valley/western-cape/1726,/for-sale/riebeek-valley/western-cape/1726
Western Cape,Riversdale,,/to-rent/riversdale/western-cape/671,/for-sale/riversdale/western-cape/671
Western Cape,Riviersonderend,,/to-rent/riviersonderend/western-cape/2385,/for-sale/riviersonderend/western-cape/2385
Western Cape,Robertson,,/to-rent/robertson/western-cape/336,/for-sale/robertson/western-cape/336
Western Cape,Rooi Els,,/to-rent/rooi-els/western-cape/399,/for-sale/rooi-els/western-cape/399
Western Cape,Saldanha,,/to-rent/saldanha/western-cape/410,/for-sale/saldanha/western-cape/410
Western Cape,Scarborough,,/to-rent/scarborough/western-cape/652,/for-sale/scarborough/western-cape/652
Western Cape,Sedgefield,,/to-rent/sedgefield/western-cape/324,/for-sale/sedgefield/western-cape/324
Western Cape,Simons Town,,/to-rent/simons-town/western-cape/401,/for-sale/simons-town/western-cape/401
Western Cape,Somerset West,,/to-rent/somerset-west/western-cape/390,/for-sale/somerset-west/western-cape/390
Western Cape,St Helena Bay,,/to-rent/st-helena-bay/western-cape/431,/for-sale/st-helena-bay/western-cape/431
Western Cape,Stanford,,/to-rent/stanford/western-cape/2179,/for-sale/stanford/western-cape/2179
Western Cape,Stellenbosch,,/to-rent/stellenbosch/western-cape/459,/for-sale/stellenbosch/western-cape/459
Western Cape,Stilbaai,,/to-rent/stilbaai/western-cape/765,/for-sale/stilbaai/western-cape/765
Western Cape,Strand,,/to-rent/strand/western-cape/392,/for-sale/strand/western-cape/392
Western Cape,Strandfontein,,/to-rent/strandfontein/western-cape/688,/for-sale/strandfontein/western-cape/688
Western Cape,Struisbaai,,/to-rent/struisbaai/western-cape/412,/for-sale/struisbaai/western-cape/412
Western Cape,Suiderstrand,,/to-rent/suiderstrand/western-cape/393,/for-sale/suiderstrand/western-cape/393
Western Cape,Swellendam,,/to-rent/swellendam/western-cape/341,/for-sale/swellendam/western-cape/341
Western Cape,Touws River,,/to-rent/touws-river/western-cape/465,/for-sale/touws-river/western-cape/465
Western Cape,Tulbagh,,/to-rent/tulbagh/western-cape/346,/for-sale/tulbagh/western-cape/346
Western Cape,Uniondale,,/to-rent/uniondale/western-cape/699,/for-sale/uniondale/western-cape/699
Western Cape,Vanrhynsdorp,,/to-rent/vanrhynsdorp/western-cape/487,/for-sale/vanrhynsdorp/western-cape/487
Western Cape,Velddrif,,/to-rent/velddrif/western-cape/428,/for-sale/velddrif/western-cape/428
Western Cape,Victoria Bay,,/to-rent/victoria-bay/western-cape/1924,/for-sale/victoria-bay/western-cape/1924
Western Cape,Villiersdorp,,/to-rent/villiersdorp/western-cape/660,/for-sale/villiersdorp/western-cape/660
Western Cape,Vleesbaai,,/to-rent/vleesbaai/western-cape/318,/for-sale/vleesbaai/western-cape/318
Western Cape,Vredenburg,,/to-rent/vredenburg/western-cape/430,/for-sale/vredenburg/western-cape/430
Western Cape,Vredendal,,/to-rent/vredendal/western-cape/485,/for-sale/vredendal/western-cape/485
Western Cape,Wellington,,/to-rent/wellington/western-cape/460,/for-sale/wellington/western-cape/460
Western Cape,Wilderness,,/to-rent/wilderness/western-cape/323,/for-sale/wilderness/western-cape/323
Western Cape,Witsand,,/to-rent/witsand/western-cape/764,/for-sale/witsand/western-cape/764
Western Cape,Wolseley,,/to-rent/wolseley/western-cape/347,/for-sale/wolseley/western-cape/347
Western Cape,Worcester,,/to-rent/worcester/western-cape/350,/for-sale/worcester/western-cape/350
Western Cape,Yzerfontein,,/to-rent/yzerfontein/western-cape/425,/for-sale/yzerfontein/western-cape/425
